artist,song,lyrics,genres,genre_1,genre_2,genre_3
Meek Mill,Letter To Nipsey (Feat. Roddy Ricch),,"meek mill, roddy ricch, hip-hop",meek mill,roddy ricch,hip-hop
Meek Mill,Pullin' Up (Feat. The Weeknd),,"hip-hop, rap, hip hop",hip-hop,rap,hip hop
Meek Mill,Ya'll Don't Hear Me (Freestyle),"Yeah, Philly in this bitch!

Loso waddup?




[Meek Mill:]

Check me,

I from the city where the skinny niggas ride

Where a Semi.45 would make the biggest niggas fold up, roll up

I done seen the realest niggas froze up

When that Mack squeezing hollows leave your back

Leaking that, act decent if you want to, everytime I come through,

Everybody whispering, talking what gon do

Hundred grand in straight cash

Make me put it on you and have your own homies tryna swarm you

I'm sworn to riding with this Glock.40

And I got it on, too

They tell me to put it down

But they don't know what I'm going through

Niggas playing checkers and it's chess

So what's a pawn to a king that got his money right?

You niggas on a hunger strike

When I was dead-broke, man, I used to grind a hundred a nights

A hundred day, selling white, I tell you it ain't nothing nice

I be going so hard, man I don't see my son at night

Baby mama bitching, I'm just trying to get my young'un right

Started with a dollar to a half a ticket

And I just signed my deal today

For all you rapping niggas. Money ain't a joke

You see me laughing niggas?

All my goonies they ain't talking, they just clapping niggas

You gonna think my dogg a roofer, brought a ladder with him

My other homie a mechanic, got his ratchet with him

And they shooting for real, they shooting to kill

I got some homies up state, they doing the wheel

I remember niggas shooting for dear life

30 years on us, cops pull with the red lights

We riding with them hammers

Know a couple young'uns that died before their grandma

I'm not trying to play with hammers

A lot of niggas fronted back when I was in the slammer

But now I got that paper in and I be going bananas

Like Tony Montana, Nino and the Carter got me leaning even harder

With this Nina in my cargoes

I can't meet 'em any farther

If the niggas want the work

Tell 'em meet me out North, 20-something in Berks

Used to be with 50 niggas, 20 of 'em got murked

20 done turned pussy, the other 10 put in work

Yeah! I'm screaming ""this is the life""

If you ain't hooping then you whipping the white

They even hitting the pipe

I talked to 'em try to give them advice

Niggas get left, they wasn't living too right...

Yea! Niggas get left, they wasn't living too right



Y'all don't really hear me tho...","hip-hop, rap, hip hop",hip-hop,rap,hip hop
Aaliyah,Choosey Lover (Old School/New School),"Choosey lover

Boy I'm so proud of you

I'm so glad you chose me, baby (Baby)

And I'll make you so happy



(Thought I had a lover)

Thought I had a lover

But I was kidding myself, baby

(By the time I learned about it)

By the time I learned the truth about it

He was sleeping with someone else

But not you baby



Choosey lover

Boy I'm so proud of you

I'm so glad you chose me, baby (Baby)

And I'll make you so happy



'Cause you're giving me (Giving me security)

Giving me security, baby

And you've proven what you said (Oh)

(I never worried about you)

Never worried about you baby

Jumping in and out of bed

Oh, but not my baby



Choosey lover (You're so choosey)

Boy I'm so proud of you

I'm so glad you chose me, baby

And I'll make you so happy

Choosey lover (You're so choosey)

Boy I'm so proud of you

I'm so glad you chose me, baby

And I'll make you so happy

Choosey lover (You're so choosey)

Boy I'm so proud of you

'M so glad you chose me, baby

And I'll make you so happy



Choosey lover

Boy I'm so proud of you

I'm so glad you chose me, baby

And I'll make you so happy



Thought I had a lover

But I was kidding myself, baby

By the time I learned about it

He was sleeping with someone else

Baby, baby, baby



Choosey lover

Boy I'm so proud of you

I'm so glad you chose me, baby

And I'll make you so happy



'Cause you've given me, given me security

Giving me security, baby

Yeah you've proven what you said

See I never worry about you

Jumping in and out of bed



Choosey lover

Boy I'm so proud of you

I'm so glad you chose me, baby

And I'll make you so happy",,,,
Aaliyah,I Care 4 U,"Mm, yeah

No-no-no-no-no

Yeah, oh



Hey, my baby, why you lookin' so down?

Seems like you need a lovin'

Baby, you need a girl like me around

Hey, my baby, tell me why you cry

Here take my hand and (Yeah, mm)

Wipe those tears from your eyes



Can I talk to you (Can I talk to you?)

Comfort you (Oh)

Let you know (Just wanna let you know)

I care for you

Can I talk to you? (I wanna talk)

Comfort you (Gotta let you know, baby)

Let you know (I wanna let you know)

I care for you



Hey, sexy baby, why'd your girl leave you in pain?

To let a fine man like you go, she must be insane

Hey, sexy baby, there's no need to worry, no

Oh, boy, if you call on me

I'll come, I'll come in a hurry



Can I talk to you (Come on, no)

Comfort you (I love you)

Let you know (Oh, baby)

I care for you

I love you, yes, I do

Can I talk to you (I wanna talk, no)

Comfort you (Give me a chance)

Let you know (Wanna let you know, gotta let you know)

I (That I) care for you (Love you, yeah)



Hold on (Hold on)

Stay strong (Stay strong)

Press on (For me, baby)

I care (I care) for you (For you)

Hold on (Hold on)

Stay strong (Stay strong)

Press on (Press on for me)

I care for you (Baby)



Can I talk to you? (I wanna talk)

Comfort you (I wanna hold you tight, baby)

Let you know (I wanna let you know)

I care for you (That I care for you)

Can I talk to you?","rnb, aaliyah, soul",rnb,aaliyah,soul
Aaliyah,Night Riders,,"rnb, soul, female vocalists",rnb,soul,female vocalists
Nicole Scherzinger,Baby Love (feat. will.i.am),,"pop, nicole scherzinger, rnb",pop,nicole scherzinger,rnb
Nicole Scherzinger,Break Yo Chest,,"pop, rnb, female vocalists",pop,rnb,female vocalists
Nicole Scherzinger,Heartbreaker,"Never thought that I would live to find another love like mine

Time

Never thought that I could be in a place to ever see it

See it fly high




[Chorus:]

I need that heartbreaker

I need something to lose

I need that breathtaker

When it's gone, it leaves a bruise

Break my heart

Break my heart, yeah

Break my heart

Give it to me good

Break my heart



I wanna wake up in the morning

Appear you've moved on like a stone

In the middle of the night, I see you

Missing from my arms

Where have you gone?

Look what you've done

So I sit up in this bed and I imagine where you're at

All this playing games with love, I think this time I've met my match

What have I done?

Where have you gone?

See I love it when you take that part of me

It's intoxicating, I can barely breathe

Yes, I love you when you do these things to me

See, baby, see




[Chorus]



What is love? What is love?

What is love? It's up in the air

It's neither here nor there

Spare me the time to explain it

I just know how it feels

Too much of it can kill

When not enough of it is real

Just enough of it can heal




[Chorus]



Break my heart

Break my heart

Ooh, show me that it's real

Yeah, I love how it feels","pop, rnb, female vocalists",pop,rnb,female vocalists
Nicole Scherzinger,Psycho,,"pop, rnb, female vocalists",pop,rnb,female vocalists
Stevie B,Spring Love,"I remember when we first started

You came to me and you were broken hearted

I took you in and wiped all your tears away

I gave you loving more than any other gave

Don't you know I'm the one and I love you girl

I don't care what they say you know you are my world

Come back home to the one

Who loves you more and more

Soon you'll see that it was me you were searchin for



Oh my love searching for

I really need you

I really want you baby

I need you and I want you baby

Spring love - come back to me

I gotta have you baby



I can remember the first time we ever met

The sun was shining

Love was gleaming in the air

You caught my eye and the next thing that I knew

I was in love - I was so in love with you

We were so close for a season of my life

I wanted so much to have you for my wife

But something changed

Season came to an end

I had to leave you

And that's where my heartache began



Spring love come back to me

I need you and I want you baby

Spring love come back to me

I really need you

I gotta have you baby

Springtime love is on my mind and I won't forget

The way we shared the way we cared

And I don't regret it

I don't regret it - come back to me darlin

Springtime love is on my mind

And I won't forget

Come back to me darlin

The way we shared the way we cared

I really need you my springtime lover","freestyle, latin freestyle, 80s",freestyle,latin freestyle,80s
Stevie B,Diamond Girl,,"freestyle, 90s, pop",freestyle,90s,pop
Birdman,1st Key,"[Hook:]

I bought my 1st key from my baby momma brotha

I bought my 1st key

Bought my bought my 1st key

I bought my 1st key from my baby momma brotha

I bought my 1st key

Bought my bought my 1st key




[Birdman:]

Yeah, hustlin' on my city streets

Tryin' to get a whole key (I bought my 1st key, my 1st key)

In '93 and we was gettin' 'em like for 25

Colombian connect, homey we was gettin' fly

We on the grind and our nuts got bigga

And every day we in the mothafuckin hood our guns got bigga

Stuntin on them niggas, gettin' money stayin' fly every day a nigga spendin'

Ridin' 25's and we blazin' gettin' high, nigga showin' off his ride

Cruisin' through the beach nigga rollin' in them bimmers

Them people pull me over hatin' 'cause they can't see us

Know I got the money (laws won't leave me alone)

Now they actin funny 'cause they know a nigga strong

Money long and we comin'




[Hook x2]




[Lil Wayne:]

I ain't have to touch a piece of work since '94

I lost my daddy in '96 and started makin' moves

In '98 (i got a brand new Lexus coupe)

(now them laws won't leave me alone)

They pull me over, lock me up, I bail out on my own

I call my poppa on the phone, tell him cook up a zone

I leave a house with a pocket full of stones

Got them hoes slangin', hidin' packs in they titties

Them small chest bitches gotta put it in their butt

(20s in them they can't fuck wit us)

I got so many hoes

(it's to the flow or I don't see, don't know)

(now they won't leave me alone)

Man I got so much dough

(it's to the flow or I don't see, don't know)

(now they won't leave me alone)

Weezy baby d boy




[Hook x2]




[Birdman:]

And I ain't touch a motherfucking ki since '04

And that's the word that we serving, look that's all we know

Them niggas talking shit but we the niggas wit the cash flow

(i still smoke that weed, smoke that smoke that smoke that weed)

And I'm back on the beach and we blowing out the whole beat

My AK MAC-11 represent the 3

Gangsta like a motherfucker me and my homies




[Lil Wayne:]

Yeah, my nigga rabbit was a OG

My momma husband that's what show me (my 1st key)

Yup, then you know I had to be a hustler

I started selling hubbers",,,,
Birdman,Ghetto Life,"[Birdman]

Yeah nigga Fast Money, Cash Money

how we roll it out-is how we roll it in

know what I'm sayin nigga feel me nigga

we just hit a lick nigga

gotta bout 50 more years nigga

and I wanted to go fuck with a nigga

who broke bread with us first nigga so we flew to Houston ya holla!




[Bun B]

I jumped in the game with a 50 dollar sack

a heart full of hustle and my mind on stacks

I held my nuts in the game called crack

now I'm deep up in the streets and I ain't never lookin back

I gotta reputation I ain't gotta keep dealin it

a south nigga....give a fuck if you ain't feelin it

UGK for life bitch an underground boss

disrespect and that's a line you don't really wanna cross (Fa Real)

quick on the trigger, pull a pistol out quick on a nigga

one click blow the shit out a nigga (BLOAH)

been bout a figure ain't stoppin till I see it

don't hate me hoe cause that's the way I gotta G it

P.A.T baby that's me baby...Free Pimp C and that's real OG baby

this dedicated to my niggaz on lock

KS, Young Ryno, and the homie Lil'Block it don't stop




[Chorus x2: Bun B]

Take a walk through my ghetto life (ghetto life)

let me show you that my ghetto's shiest (ghetto's shiest)

drug deals, and young niggaz gettin'killed

I ain't gotta tell you that my ghetto real




[6 Shot]

Uhhh look at here, uptown cut throat nigga

any year crisp and clear ya hear me now

nothin nice break you off with a style Fuh real

coke, dope, pills-it's no joke here

everybody strapped look at where I'm at (BLAT, BLAT)

nigga shits so real it's no doubt about it

all cowards get killed

fa sheezy while I'm sneakin through them people

forty four bags and them people

in that M-A-G-N-O dish it out or get from round L-I-A uptown

know ya down all that drama (???)

thuggin with a heavy (??)shinin on them hoes ya know

it's so real it's no doubt about it

all cowards get killed ya know




[Chorus]




[Birdman]

Look you know them guns go to poppin

when them niggaz go to drop e'm

make e'm all run go to scatter nigga

cause when you fuckin with the man

he'll spend a few grands cause you know we puttin change on ya

yeah cause we thugged out, wigged out

came through the neighborhood with the guns out

nigga don't make me drop the top

don't give a fuck about the weather cause we still gon'shine nigga

yeah and that was changeable evidence homie

that's why they let Rufus go

and we was playin with paper nigga-and dropped 50 on the flo'nigga

so I spread my wings out came through the nieghborhood with the L's out

nigga and I'm tryin to get out

the dope game but I still let them birds out




[Chorus]




[Birdman ad libs to end]","hip-hop, rap, dirty south",hip-hop,rap,dirty south
Birdman,Out The Pound,"[Hook:]

We got the diamond in the back (Yea)

Tinted rolled up (Yea)

Blowin' out the pound

In a brand new truck



Where ya at wit' it?

Let's go and get it

If you a real d-boy

Money over bitches




[Over the Hook:]

Yea, this one here for uptown

I know we lost a lot that we gon' never get back

All the time, but it's a must that we do this here homeboy

Yea, uptown already nigga!



Slap a bitch wit' a pound and a ki

Twenty of them thangs, ten on my street

Hundred at my crib, ten fo' a beat

Fifty on a Caddy wit' the swine suade seats

Twenty on a bike, third world peace

Two on the yaucht, million on the fleet

Fo' five fo' a pound of that leaf

A hundred dollaz for a chopper on the streets

We uptown, we gon' ride 'til we die nigga

We stay fresh, get money stay fly nigga

Ain't nuttin' changed I ride them skinny tires

Wit' the candy on the slab, on the buttons wit' them twenty-fives

From no money nigga, now we talk Ca$h Money

From lil' money nigga, now we talk big money

From no nothin' now we all sayin' somethin'

Mo' money nigga, mo' money nigga




[Hook x2]



What it do H-Town?

Wha's up B-Town?

Wha's up A-T-L?

Chea

Hit the town in a Phantom and a G

Wit' two pounds, two broads and a suite

Two toned everything a nigga see

Burnin' rubber in these motherfuckin' streets

Made man, ol' head taught me

Like father, like son we a G

Sixty-four seventy-eight tiger seats

Ol' school drop tops on the beach

Birdman, we do this 'cuz we stunnas

Ain't nuttin' changed in them brand new Hummas

Hood rich, we do it fo' the numbas

Tha fo' fives and the tens and the hundreds

Two fifteen nigga talkin' cash shit

Got a hundred from my bitch she a badd bitch

Money won't change nigga neva average

That's why I'm livin' this bitch so lavish




[Hook x2]



Yea nigga

We been blowin' out the pound all day hustlin'

Ya heard me?

And this is how we get down at the end of the night

After all that grindin'

Shit

I'm in the club, hoez showin' love

Nigga know we got it, that's why they wanna plug

Pussy poppin' shit, like they wanna thug

Knowin' they ain't 'bout it and them clips gon' bust

I got stacks, that's jus' how it is

Boy Mack supa fly in a Coupe Deville

And got birds in the field

Grindin' all the time

Tryna get a mill'

Neighborhood superstar, third world gangsta

I put mines in, did a lil' more thinkin'

Shine in the summer

Minx in the winter

Ice year round

Twenty on the pinky

Damn my town

Went down sinkin'

Made my rounds

Bounced back bankin'

Neva fold

That's what make me

Make the money

Don't let it break ya




[Hook x2]



Yea

That's what it do nigga

We better hustlaz than you nigga

Money longer than yours lil' nigga

Believe that

One hundred

Wha's up Weezy baby?

Them niggas can't see us man

We barely can see us, ya heard?

...","hip-hop, rap, dirty south",hip-hop,rap,dirty south
B2k,Anytime,,,,,
B2k,Feelin' Freaky,,,,,
B2k,Rain & Snow,"[Chorus]

Let it rain, let it snow

Let it rain, let it snow 

All the problems let 'em go

Cause it's Christmas

Let it rain, let it snow

Let it rain, let it snow

All the problems let 'em go

Cause it's Christmas




[Verse 1]

It's Christmas Eve

I got my presents under the tree

I'm chillin' with my family

And that's all I need

Love everywhere

Mistletoe's under the stairway

It's raining, it's pouring 

My Christmas is snowing




[Repeat Chorus]




[Verse 2]

It's time to eat

Got Grandmama cookin' them greens

Don't forget the macaroni and cheese

Cause this day is special to me

Little kids playing out in the snow

Homies at the table slappin' them bones

It's raining, it's pouring 

My Christmas is snowing 




[Repeat Chorus]




[Raz-B's Talk]

Man, it's finally Christmas 

It's been a good year ya' know 

Yeah

Feels good being with your family and everything

Havin' fun




[Repeat Chorus (2x)]","rnb, hip-hop, pop",rnb,hip-hop,pop
B2k,What U Get,"Ohhhh

Oh yea yea

Oh yea yea yea

Check it out




[VERSE 1 (Omarion)]

I know that you've been sayin

That things haven't turned out with him the way that you had always planned

I'm eager for the taking

It's time to be more than just friends




[Bridge]

I wanna be (your every hour man )

The one that you will always know

Will always need yea yea (doing all I can)

To show you on the real who I be

Tell you if you just ask me




[CHORUS]

I'll tell you what you get is

All of me, fantasy, everything you need

Every chance I get

Shower you, how I do, just to prove to you

Tell you what you get

Just the truth, you can't lose, when I get to you

All the fairytale stories

That ya mama told you

Is what you get girl




[VERSE 2 (Omarion)]

Girl I don't mean to be pushy

But I know that you and me should be here livin out this fantasy

I love you but I'm fadin

I've been waitin here so patiently

I'm ready girl to be (your every hour man)

The one that you will always know

Will always need yea yea (doing all I can)

To be there if you ask me

If you wanna be




[CHORUS]



I never thought I'd ever wanna be in on the lock, a one girl man

But you changed me and I, I

don't wanna spend my lifetime

Without you yea




[CHORUS (2x)]","rnb, hip-hop, pop",rnb,hip-hop,pop
Kevin Gates,Say It Twice,"Ain't gotta say it twice

She gon' make me say it twice



Ain't gotta say it twice (I don't say it twice)

She gon' make me say it twice, oh, yeah (Say it twice)

She bad, bad (Bad, bad)

She lit, lit (She lit, lit)

She poppin', poppin', (She poppin', poppin')

She thick, thick (She thick, thick, woah)

Ain't gotta say it twice (I don't say it twice)

She gon' make me say it twice, oh, yeah (Make me say it twice)

She bad, bad (She bad)

She lit, lit (Ooh)

She poppin', poppin', (Ballin')

She thick, thick (Oh, yeah)



How you doin'? My name is Kevin

I was just comin' to tell you, ""Hello"" (What up?)

I hope that I didn't make you uncomfortable

With this gesture, don't mean to scare you (Uh-uh)

I was feelin' your energy when I walked in, psychokinetic (For real)

If you want me to walk away, then I will, I won't press

Allow me to let you enjoy your night

I won't get offended, no questions (Uh-uh)

Saw your soul when we locked eyes

A whole lot of pressure in my presence

I love the dress that you got on, and you look stunning, no lie

I would've told you that you was beautiful, but that word don't describe



Ain't gotta say it twice (I don't say it twice)

She gon' make me say it twice, oh, yeah (Say it twice)

She bad, bad (Bad, bad)

She lit, lit (She lit, lit)

She poppin', poppin', (She poppin', poppin')

She thick, thick (She thick, thick, woah)

Ain't gotta say it twice (I don't say it twice)

She gon' make me say it twice, oh, yeah (Make me say it twice)

She bad, bad (She bad)

She lit, lit (Ooh)

She poppin', poppin', (Ballin')

She thick, thick (Oh, yeah)



Spontaneous, how 'bout we do somethin' exciting?

How 'bout you leave with me?

Toss your friends your keys

They ask where you're goin', you tell 'em that you done made plans

Tell 'em that you at Allstate, tell 'em that you in good hands

Tell 'em that you wanna feel a lot, if you're willin' to give your heart a chance

Bae, could you say the last dance? Pardon me, but you know I'm that drum line

Pleasure activist, only need one time (Done)

Undivided attention, you get it, I'm focused, I'm fixated

Tell them get out our business and quit hatin'

Intellectual intercourse conversation

You can't believe what other people say about me

Nothin' that's substantiated



Ain't gotta say it twice (I don't say it twice)

She gon' make me say it twice, oh, yeah (Say it twice)

She bad, bad (Bad, bad)

She lit, lit (She lit, lit)

She poppin', poppin', (She poppin', poppin')

She thick, thick (She thick, thick, woah)

Ain't gotta say it twice (I don't say it twice)

She gon' make me say it twice, oh, yeah (Make me say it twice)

She bad, bad (She bad)

She lit, lit (Ooh)

She poppin', poppin', (Ballin')

She thick, thick (Oh, yeah)",,,,
Kevin Gates,Don't Panic,"[Verse 1:]

Fuck the rap game, I won't get it like G

Put me on the block, go to thuggin' like E

Think I'm goin' back but free my nigga 
[?]

Me and gunner, 9th innin', just beat a life sentence

Anyone of you lil' boys on the yard, throw the coffee in your face

While your wife stick a knife in your kidney

Bitch I'm goin' crazy, goin' all gangsta

9 milli's slangin', 
[?]

MAC 11 rangin', jumpin' out, walkin' up on blocks

40-50 shots, I'm a clean a nigga's clock

Everybody gettin' whopped when we hop out

Pussy better not cry now

Nigga where we from it's the code that we live or we die by

Grrrrrat, nigga, bye bye

No police up in the business when you get a shot and miss it

50 niggas from New Orleans come and turn around the city




[Hook:]

What's happenin'? Don't panic, don't panic

We 'bout to... get 'em dead, don't panic, don't panic

Wasn't thinkin' 'bout a jewel and nigga showed off

Couldn't use your brain, now you gotta get 'em blowed off

Dog, get a call, everything for the scram

Don't panic, don't panic

Fuck bein' friendly, nigga say what's on your mind

I'm bein' quiet, I got murder on mine

I got murder on mine, I got murder on mine

Killin' what I love, I got murder on mine

Fuck bein' friendly, nigga say what's on your mind

I'm bein' quiet, I got murder on mine

I got murder on mine, I got murder on mine

Killin' what I love, I got murder on mine




[Verse 2:]

Team strong as a bitch, layin' law down

Everything feel the business, lay 'em all down

Auto manslaughter but you never thought it out

Curse, kill 'em all, let the lord sort 'em out

F&N point short, let the spark haul 'em out

This what war 'bout, nigga, fuck that

Meek men is gonna 
[?]
, we already died twice

God in my heart when I gave back life

I was coolin', I was tryna live a laid back life

Now my kids gotta see me in the pen or the grave

Real street nigga, no pen to the page

I will beef with you anywhere, any place

Ugly ass btich better fall back

Keep my name out your mouth or get your hard hat

Raps are the enforcer, I meant to say the landlord

Better yet, let me let them rubber bands talk




[Hook]




[Verse 3:]

I don't mind doin' time, I'm a doin' time vet

Hustle in the jailhouse, bread, wanna bet?

BWA, this is not BMF

Everything around me convicted already

Pull my clique together, built it from the inside

Penitentiary rules in effect

You lil' boys go to jail but you don't know how to fight?

Ain't no guns back here, don't know how to make a knife

Stand tall on my own, I don't gang bang

I done seen it go bad on the chain gang

Seen niggas gang raped by their own gang members

Cliquin' up with other gangs and they kill their own nigga

Seen a nigga on a visit huggin' on his wife

Get back to the cell, he another nigga's wife

Everyone that say salamu alaikum ain't your brother

Come to my respect, I'm a die overnight




[Hook]","hip-hop, rap, trap",hip-hop,rap,trap
Kevin Gates,Ihop (True Story),"I ain' gon lie I be getting a little emotional

Go head record it out

I be getting a little emotional when I be doing this but,

It's him with that camera, that shit be throwin me off

You ready?

Start it off

(You go)

You ain't gotta leave out, it's just I know I'm on film ya heard me?

So it fuck with me a little bit

You ain't gotta go nowhere though

You can sit down and stay

It's a true story

I ain't gon forget my words

Start it off



I was chillin in a Ihop, overheard a conversation

Both of them niggas killas, one of em was Michael Caden

Big brother The Jason

I went to school with him

His brother got killed, so now he keep a tool with him

Live around the corner from his two daughters, no father

That's when the waitress came over like,

""May I take your order?""

Give me the breakfast sample

Orange juice and a Coke

That nigga looked at me and nodded

He said I never spoke

Like what the fuck them niggas lookin at

That's what I heard the other say

Looked a mean muggin way

Nigga turned the other way

Had to turn deaf ear, Satan was in my left ear

Like go and council, you a nigga nobody could see you

Show them niggas that you real

Nobody could be you

I walked over and asked him

You wan take it off your shoulder?

Hand checkin him in his face

Tellin him I'm a soldier

I ain't no fucking drug lord

I ain't the type to try to be

Ten years of aggression, you don't wanna see that out of me

Jagged ass Smith and Wesson

Bangin' Sangin' I gotta be

That nigga, that nigga

All started on a Tuesday afternoon, me and my bitch got into it

Unnecessary fools, just toolin, her hair ruined

Found out from another chick

Livin out of town

In an upstairs apartment, that was three corners down

Click spot for my round

Jeff used to scope pounds

Tanya ran into me, her and Amber they ran into me

Me and Tanya remained cool

Amber's man was pussy

He ran to the block, and sent some niggas from another hood

They came back, and black masked up

Just like I knew they would

Runnin' out there buckin loud

Niggas only laught at ya

Hard not to bang when you got bitch niggas attacking ya

Up to 40 caliber, oncoming passenger

Scuffold through the tourist section

Stole all the traffica

See him with his clique

He used to mug, but never buck with them

Used to keep a smirk because my old lady was fucking him

Ain't no need to get mad

I'm thinking I ain't never fuck with him

Hit one of my niggas up, we bargained on his brain

Fucking with my little brother, who frequently snort the cain

Dapped him down as I passed him

What's hannin, where's Twerked em?

Back was turnt the whole time

Little brother ran up and murked him

Issued him two to the dome

And worked him with the chrome

And to this day, I can say

I set him up, and he's gone

Three months prior

I'm downtown, meeting Lisa McBoyd

I'm in town handeling business for Floyd

He couldn't make it, I'm a take it by myself

I'm awating a vaction

Three bricks going to Kurt, coming home from Las Vegas

On the phone with Joe, finishing a conversation

That say I was gonna be off, cause he was at a graduation.

Well shit, I'm on my way out of state to meet Mason

He told me to be safe and any problems, I could page him

Jeff sitting patient in a vacant location

Not knowing that we were stopping in another metropolitan

Tanya texts Jeff, still waiting, replied obviously

""Hope your cousin Kevin ain't fake, and he ain't jivin' me,

Or trynna get me up to the Jake's plotting on robbin me""

Tanya said ""Kevins my cousin, he wouldn't lie to me, whenever y'all had talked,

He was right here on the side of me, they in the real estate and probably lookin

At property.""

Free lease

True story","hip-hop, rap, trap",hip-hop,rap,trap
Kevin Gates,Plug Daughter 2,"She know I love her to death, you heard me?

I'm up in rank and I do this for real

You lil' bitty bitch and I'm still in the field, hey

I'm up in rank and I'm still in the field

The shit that I rap 'bout, it might get me killed

You rap what you hear and I rap what I live (Ooh)

I'm fuckin' with the plug daughter, plug daughter, plug daughter

Hol' on, that's my plug callin', plug callin', plug callin'

Fuckin' with my plug daughter, plug daughter, plug daughter

My plug callin'



I'm fuckin' with the plug daughter (Plug daughter, plug daughter)

I'm fuckin' with the plug daughter (Plug daughter, plug daughter)

We get roadside assistance when we placin' orders (Plug daughter, plug daughter)

Wrap the money up and then we send it cross the water (Plug daughter, plug daughter)

I'm fuckin' with the plug daughter (Plug daughter, plug daughter)

I'm fuckin' with the plug daughter (Plug daughter, plug daughter)

I'm tied up with Diego, they treat me like family

And if I ever leave, boy, they gon' kill my family



In and out jail, on the fences, I'm famous

Bitch, I'm a big gangsta, don't do no complainin'

That plane 'bout to land, we gon' meet at the hangar (A hunnid)

That metric ton load come in shipment containers

Now a lot of you ain't 'bout to know what I'm sayin'

Big hook outta Bogota got me a ankle

They fresh out the prison, talkin' fifty-ton language

Lil' metric ton shawty, nickname, what they gave her

Now we out the country, ain't talkin' vacation

We runnin' with hitters who armed and they dangerous

Straight out the dirt, I got mine out the floor

No recompressin', I know what they know

Numbers too high in Texas, don't go back and forth

Why play 'round with 'migo, I go where they go

My concierge under Colombian law

My jewish transporter gon' get it back home

Heavy surveillance, they watch from the drone

VPN trackin', I watch from the phone

Two million dollars for each of my look-alikes

I get indicted, they capture the clone

One of my people, he from Argentina

Shout out to him, he a hell of a teacher

Ten million dollars for my private doctor

I go on the run, reconstructed my features



I'm fuckin' with the plug daughter (Plug daughter, plug daughter)

I'm fuckin' with the plug daughter (Plug daughter, plug daughter)

We get roadside assistance when we placin' orders (Plug daughter, plug daughter)

Wrap the money up and then we send it cross the water (Plug daughter, plug daughter)

I'm fuckin' with the plug daughter (Plug daughter, plug daughter)

I'm fuckin' with the plug daughter (Plug daughter, plug daughter)

I'm tied up with Diego, they treat me like family

And if I ever leave, boy, they gon' kill my family



Now this what I say 'bout to sound a lil' different

We put on a glove 'cause we touchin' too many

BreadWinner stamp on the pack of the chick

Fingerprints on the wrapper could come back and get you

This type of shit, I ain't never envisioned (Uh-huh)

From trappin' on corners to standin' in kitchens

To secret compartments and new eighteen wheelers

My big brother gave me the game, he official

We keepin' it G when you deal with a dealer

Or I call out if they can't supply in the city

We bought us a body shop, we in the buildin'

My satellite phone 'bout to bump on the hitter

I hit 'em two times then hang up, he gon' send it

A thousand 'em bitches, I'm payin' they tickets

Your name, date of birth, social flicks, and your children

You cannot do that, then we cannot do business

Current addresses and places they live in

Get a DA, ho, better see your credentials

Trackin' device on the back of the Civics

Get apprehended, bend down, do no snitchin'

Back up to Tahoe, they slide through Chicago

Whisper to one of my finest lieutenants

That bitch that you love in one push of a button

Her feet in the air, with a dent in her memory



I'm fuckin' with the plug daughter (Plug daughter, plug daughter)

I'm fuckin' with the plug daughter (Plug daughter, plug daughter)

We get roadside assistance when we placin' orders (Plug daughter, plug daughter)

Wrap the money up and then we send it cross the water (Plug daughter, plug daughter)

I'm fuckin' with the plug daughter (Plug daughter, plug daughter)

I'm fuckin' with the plug daughter (Plug daughter, plug daughter)

I'm tied up with Diego, they treat me like family

And if I ever leave, boy, they gon' kill my family



Hey

I couldn't see it no other way

I'm in love right now

I'ma take whatever come behind this here

I'm in love right now, yeah

Say, I'm posted in the trenches, in some shit I can't get out of","trap, hip-hop, rap",trap,hip-hop,rap
Kevin Gates,Time For That,"Do you think I'll ever need you love more than you need me?

Show me your true colors girl, I just want to see

Cause I done had too many come around and change on me

She screamin' please don't waste my time

I say I totally agree

See girl I'm fine with that

I done gave my watches away, ain't got no time for that

Askin' where's my heart, good luck findin' that

How long could I see her round still think I'm timin' that

Think I'm still timin' that



Pretty teeth with a nice demeanor

I'm in a rush, it was nice to meet ya

Collard shirt, no elongated T's, cheaper to be yourself

Ain't no wrong way to be, accomplished a lot

Came from the block, ambitious in the trenches

I got a long way to reach

Sorry if I was offensive, but not at all

You got to pardon me at times, okay problem solved

When I hear the word can't take it like a challenge

I don't understand why the hell I can't have it

Help me understand why the hell I can't have it

I was blessed with a swag and I ain't braggin'

Insecurities get covered with designer fashion

If I'm not intimidatin' tell me why you're bashful

If you not feelin' what I'm sayin', sorry for the hassle

But if you leavin' here with me it'll be fantastic



Do you think I'll ever need you love more than you need me?

Show me your true colors girl, I just want to see

Cause I done had too many come around and change on me

She screamin' please don't waste my time

I say I totally agree

See girl I'm fine with that

I done gave my watches away, ain't got no time for that

Askin' where's my heart, good luck findin' that

How long could I see her round think I'm still timin' that

Think I'm still timin' that



Ain't no relaxin', they pillow fightin' on the sofa

Not at all my main focus though I was hopin'

Pull your hair, kiss it soft while you bendin' over

After that we could shower and I could hold ya

Havin' deep conversation and now you open

Pretendin' that I was asleep while you on the phone

Listen to you tell your girlfriend how I stroke it

Only that it was a fool I already know it, mind blowin'

Phone rang bout to go, is you rollin'

Playin' poker no cards, throwin' hands exposin'

Rest in peace Soulja Slim, slow motion

Kicked out of everywhere, expulsion



Do you think I'll ever need you love more than you need me?

Show me your true colors girl, I just want to see

Cause I done had too many come around and change on me

She screamin' please don't waste my time

I say I totally agree

See girl I'm fine with that

I done gave my watches away, ain't got no time for that

Askin' where's my heart, good luck findin' that

How long could I see her round think I'm still timin' that

Think I'm still timin' that","hip-hop, rap, trap",hip-hop,rap,trap
Diddy-Dirty Money,Change,"You told me

That you'd always be my love

You showed me

My love just wasn't enough

Now I'm on this train

The tracks falling off of my brain

It won't be long

Say that you love me again

You know I'm always your friend

So what you want babe

I promise I'll change

I promise I'll change

Girl I promise I'll change

You said

You would always be in my arms

Girl that's what you said

You said that you would always be mine

Now I'm on this train

That's falling off the edge

And I'm afraid

A toll is at the end

And I promise I'll change

Said that I'll change

I know I told that I, I'll change

That fact that you don't love me, love me

Because I'm still the same

The same

The same

The same

I'm still the same

The same

When you left me on that train

The fact is girl

I was way over my head

You gave me so much more

I gave you so much less

Now I'm wishing you the best

Cause I swore I would change, change

I swore that I would change

When you left me on that train

You told me

That you would always be my love

You showed me

My love just wasn't enough

Say that you love me again

You know I'm always your friend

So what you want babe

I promise I'll change

I promise I'll change

Even though I promised you everything

I am changed

You would always be in my arms

I promised you the same

That you'll always be mine

But now I'm on that train

That's falling off the edge

And I'm afraid

But this time is still the end

And I promised I'll change

I swear that I will change

I promise I'll change

The fact is that you don't love me, love me

Because I'm still the same

The same

The same

The same

I'm still the same

The same

When you left me on that train",,,,
Ace Hood,12 O'Clock (feat; Jacquees),,"rap, hip-hop, dirty south",rap,hip-hop,dirty south
Ace Hood,Gangsta Shit,"Now that's some gangster shit

Don't know who you're fucking with

Listen



Uh

Now I've been known to kill them with the flow

The beats is back off to attack him, kicking down your door

You looking at a pro, smoking them like some indigo

See we are Seminoles, running right through your end zone

I'm coming as soon as they holler, I get them, I got them

They know it's on

No more of the games, you know what the name

I aim to bang the chrome

It's Mister Whatever, about my cheddar if you've never known

Money over bitches, now you can carry on

Some call me arrogant, I'm like a veteran

Big shit nigga, I ain't talking elephants

Now what you know about it?

My niggas they bothered about it

It's We the Best the mod, something like Illuminati

I'm taking the coupe to college, trying to find a model about it

Take them to the crib, now it's time to party



Uh

Now that's some gangster shit

Not fucking with lames, or fucking with faith

Now that's some gangster shit

You fucking with me, or fucking with you

Now that's some gangster shit

All my niggas about it about



Now that's some gangster shit

Now that's some gangster shit

I'm fucking with real and never fake

Now that's some gangster shit

I'm chasing that dough and never hoes

Now that's some gangster shit

All my niggas about it about

Now that's some gangster shit



Uh

And now I'm back off in the place to be

Got rid of the nice in me, it's nice to meet my enemy

Don't run up on me though, I give you a overdose

I leave them on the stretcher, I ain't talking cardio

I'm sorry you didn't know, I'm dipping, I'm moving a '64

I'm fucking the baddest hoes, I'm beating the pussy like Baggio

Now cut the music up, and pour me up a cup

And roll you up a blunt, if you getting major bucks

Now welcome to gangster shit, I'm hopping up out of the fancy whip

Them chains around my neck, and every diamond costs a grip

See I'm a superstar, I'm never at the bar

I valet park the car, pockets on that salad bar

Nasty with the flow, you can call it caviar

Uh, now that's some gangster shit

I'm with a gangster clique

And all my niggas toting the clip","rap, hip-hop, dirty south",rap,hip-hop,dirty south
Ace Hood,Look In My Eyes,"Look me in my eyes and say a lie but don't lie to you

I've been working on my fears for all these years at least I'm trying to

How you gon' look me in my eyes and tell a lie but say don't lie to you (yeah, yeah, yeah)

I've been working through fears for all these years at least I'm trying to (yeah, yeah, yeah)



I've been searching all my life, all my life 'til I found you (yeah, yeah, yeah)

You can try and numb the pain but it won't change 'cause you ain't bulletproof, bulletproof

Look me in my eyes and say a lie but don't lie to you

I've been working on my fears for all these years at least I'm trying to



Uh, beautiful day out, nigga made a way out

Chillin' on my lonely, smoking 'tiva at the lake house

Feeling all emotions like sometimes it ain't no way out

Grinding all your life you feel you still ain't get your pay out, fuck it

Niggas switching up sides I'm like I love it

So we ain't gotta be faking all the friendly shit in public

I'm good, put that shit on my hood

Wonder why I'm so anxious I feel so misunderstood

Tryna find me some answers, while takin' tokes from the 'wood

Know them niggas would finish me if they thought that they could

All that humble shit old, to when hundreds are fold

Hit the stu' and I zone, I'm jotting raps in my phone, I'm him, yeah

Wholeheartedly mean it, I fought the demons

Keep my iron load like I'm diagnosed as anemic

Granny up in heaven she visit me when I'm dreaming

And I can feel her spirit connecting me to my genius

I'm blessed. Shredded up. So, why flex?

Compliments from your girl. She like this shit on my neck

Probably why he upset, she gon' start the neglect

Now she hardly impressed, now you barely a threat

I been tryna keep my cool but I might scoop and collect

Hit up wifey direct, I got an option on deck

She gon' smile with her pretty self, that's cause and effect

Come and peep my demonstration bring my proper respect

All that cappin' in your caption boy you hardly a threat

LOLO, never know this shit that I'm on I'm out in Cabo

People rarely visit this part as far as I know

Know it like the back of my hand, it come to survival, straight up, nigga



Look me in my eyes and say a lie but don't lie to you

I've been working on my fears for all these years at least I'm trying to

How you gon' look me in my eyes and tell a lie but say don't lie to you (yeah, yeah, yeah)

I've been working on my fears for all these years at least I'm trying to (yeah, yeah, yeah)



I've been searching all my life, all my life 'til I found you (yeah, yeah, yeah)

You can try and numb the pain but it won't change 'cause you ain't bulletproof, bulletproof

Look me in my eyes and say a lie but don't lie to you

I've been working on my fears for all these years at least I'm trying to



How you gon' look me in my eyes and tell a lie but say don't lie to you (say don't lie to you)

I've been working on my fears for all these years at least I'm trying to (naw, naw, naw)","rap, hip-hop, dirty south",rap,hip-hop,dirty south
Ace Hood,We On,"OK, I walk in the party, Mister Swag, so gnarly

With a bad Spanish mami, better ask somebody

Yeah that's my Maserati, going HAM no salami

That's yo chick? If I like it then I'm straight bogarting

In the club, where the bottles? That rosÃ©, no Moscato

They see me, models follow, ass clap, ah bravo

I be wiling my nigga

See my jewels they six figures

Fuck your girl and her friend

I'm a dog I do figure

Chilling with my click and I puff that loud

She don't want to fuck then I tell that bitch bye

Heart so cold why waste my time

Twenty on that wrist 'cause I like that shine

Fuck you niggas who hate on mine

Credit card will not decline

Missionary, no not me, I like that pussy from behind

Bitch I'm ballin' every day it's like somebody pressed rewind

All my niggas came from nothing, mandatory that we shine

Private plane and no complainin' if I happen to recline

Same nigga that they doubted, and I'm gladly gon' remind

Made a million off my hunger, that's just solely my reply

'Cause we the best, shit ain't a lie



Had to bring the money home

I had to bring the money home

Mo'fucker we on

Had to bring the money home

Mo'fucker we on

Had to bring the money home

Kay, now catch me in your city with a clique of niggas with me

Couple bitches gettin' tipsy

Celebrating 'cause we winnin', we on

Celebrating 'cause we winnin', we on

Celebrating 'cause we winnin', we on

Celebrating 'cause we winnin', we on

Celebrating 'cause we winnin', we on

Celebrating 'cause we winnin', we on

Celebrating 'cause we winnin', we on

Celebrating 'cause we winnin', we on

I go so hard, niggas already know

Still in the club when it closed at 4

Birthday girl gon' drop it low

Let's make a toast to never broke 

'Cause we on

'Cause we on

'Cause we on

'Cause we on

'Cause we on

'Cause we on

'Cause we on

'Cause we on



Okay now one for the money, shorty two for the fuck of it

Pull up in on some shit that just might destroy all your confidence

Meet a bitch n' hit it quick n' never know her government

I been rockin' HermÃ¨s and that ""H"" don't stand for ""hooligan""

High boy, I fly high, nigga blast off

You goof, truth, loose, goose. Prove you ain't cotton soft

We on, we on, way to keep on, bring on

All these cases of that aces bring her back to my oasis

Takin' shots after shots like I'm bustin' of that 44

Man, that CÃ®roc got me feeling like I overdosed

Livin' with my niggas, celebrating, rockin' hella gold

Ring, hella big you would think I won a Super Bowl

Yeah we in the building, why the fuck you think it's super swoll'?

Tell the DJ, ""Bring it back,"" and show 'em what we really on

All these women love me 'cause they know we young and money long

Mama told me, ""Get it."" So, I had to bring the money home



Had to bring the money home

I had to bring the money home

Mo'fucker we on

Had to bring the money home

Mo'fucker we on

Had to bring the money home

Kay, now catch me in your city with a clique of niggas with me

Couple bitches gettin' tipsy

Celebrating 'cause we winnin', we on

Celebrating 'cause we winnin', we on

Celebrating 'cause we winnin', we on

Celebrating 'cause we winnin', we on

Celebrating 'cause we winnin', we on

Celebrating 'cause we winnin', we on

Celebrating 'cause we winnin', we on

Celebrating 'cause we winnin', we on

I go so hard, niggas already know

Still in the club when it closed at 4

Birthday girl gon' drop it low

Let's make a toast to never broke 

'Cause we on

'Cause we on

'Cause we on

'Cause we on

'Cause we on

'Cause we on

'Cause we on

'Cause we on","hip-hop, fav, swag",hip-hop,fav,swag
Tendekasha,Days Of Slavery,,,,,
Elvis Presley,Suspicious Minds,"We're caught in a trap, I can't walk out

Because I love you too much, baby

Why can't you see what you're doin' to me

When you don't believe a word I say?



We can't go on together

With suspicious minds (With suspicious minds)

And we can't build our dreams

On suspicious minds



So if an old friend I know stops by to say hello

Would I still see suspicion in your eyes?

Here we go again, asking where I've been

You can't see the tears are real, I'm cryin' (Yes, I'm cryin')



We can't go on together

With suspicious minds (With suspicious minds)

And we can't build our dreams

On suspicious minds



Oh, let our love survive

I'll dry the tears from your eyes

Let's don't let a good thing die

When, honey, you know I've never lied to you

Mm, yeah, yeah



We're caught in a trap, I can't walk out

Because I love you too much, baby

Why can't you see what you're doin' to me

When you don't believe a word I say?



Well, don't you know I'm caught in a trap? I can't walk out

Because I love you too much, baby

Well, don't you know I'm caught in a trap? I can't walk out

Because I love you too much, baby

Well, don't you know I'm caught in a trap? I can't walk out

Because I love you too much, baby

Well, don't you know I'm caught in a trap? I can't walk out

Because I love you too much, baby

Well, don't you know I'm caught in a trap? I can't walk out

Because I love you too much, baby

Well, don't you know I'm caught in a trap? I can't walk out

Because I love you too much, baby","60s, oldies, classic rock",60s,oldies,classic rock
Elvis Presley,"(It's a) Long, Lonely Highway","It's a long, lonely highway when you're travelling all alone

And it's a mean, old world when you got no one to call your own

And you pass through towns too small to even have a name, oh yeah

But you gotta keep on going on that road to nowhere

Gotta keep on going, though there's no one to care

Just keep moving down the line



It's a long, lonely highway without her by my side

And it's a trail full of teardrops that keep on being cried

My heart's so heavy it's a low-down dirty shame, oh yeah

You gotta keep on going on that road to nowhere

Gotta keep on going, though there's no one to care

Just keep moving down the line



I got a rock for my pillow beneath a weeping willow

And the cool grass for my bed

My drinking water's muddy so don't you tell me, buddy

That I wouldn't be better off dead



It's a long, lonely highway, getting longer all the time

And if she don't come and get me, well, I'm gonna lose my mind

So if you read about me, tell her she's the one to blame, oh yeah

You gotta keep on going on that road to nowhere

Gotta keep on going, though there's no one to care

Just keep moving down the line

Moving down the line

Moving d...",,,,
Elvis Presley,All Shook Up,"Uh, well, a-bless my soul, what's wrong with me?

I'm itching like a man on a fuzzy tree

My friends say I'm acting wild as a bug

I'm in love, I'm all shook up

Mm, ooh, yeah, yeah-yay



Well, my hands are shaky, and my knees are weak

I can't seem to stand on my own two feet

Who do you thank when you have such luck?

I'm in love, I'm all shook up

Mm, ooh, yeah, yeah-yay



Well, please don't ask me what's on my mind

I'm a little mixed up, but I feel fine

When I'm near the girl that I love best

My heart beats so it scares me to death



When she touched my hand, what a chill I got

Her lips are like a volcano that's hot

I'm proud to say that she's my buttercup

I'm in love, I'm all shook up

Mm, ooh, yeah, yeah-yay



My tongue gets tied when I try to speak

My insides shake like a leaf on a tree

There's only one cure for this body of mine

That's to have that girl that I love so fine



She touched my hand, what a chill I got

Her lips are like a volcano that's hot

I'm proud to say that she's my buttercup

I'm in love, uh, I'm all shook up

Mm, ooh, yeah, yeah-yay



Mm, ooh, yeah, yeah

I'm all shook up",,,,
Elvis Presley,"Baby, if You'll Give Me All of Your Love","I'll send you red roses by the dozen

I'll call you sweet little things like turtle dove

I'll whisper pretty things in your ear

The kinda things a girl likes to hear

Baby, if you'll give me all of your love



I'll bring you pounds and pounds of chocolate candy

To prove it's you that I've been thinking of

Tear up all the pictures I own of every pretty girl I've ever known

Baby, if you'll give me all of your love



I'll take you dancin' every night until you're ready to drop

I'll kiss your sweet red cherry lips until you holler stop

Every night I'll serenade you 'neath your window

If you need me just a whistle and I won't need a shove

I'll hug you squeeze you tight as I can

It ain't gonna be no one-night stand

Baby, if you'll give me all of your love



I'll take you dancin' every night until you're ready to drop

I'll kiss your sweet red cherry lips until you holler stop

Every night I'll serenade you 'neath your window

If you need me just a whistle and I won't need a shove

I'll hug you squeeze you tight as I can

It ain't gonna be no one-night stand

Baby, if you'll give me all of your love

Baby, if you'll give me all of your love

If you will give me, if you will give me all your love","60's, classic rock, 60s",60's,classic rock,60s
Elvis Presley,Bosom of Abraham,"Well you rock my soul

Down in the bosom of Abraham

Rock, rock, rock down in the bosom of Abraham

You rock my soul down in the bosom of Abraham



Hmm hmm oh yeah

Oh Lordy, Lordy



Ooh rock my soul

Why don't you rock my soul?

Won't you rock my soul?

Down in the bosom of Abraham

Rock, rock, rock down in the bosom of Abraham

You rock my soul



Hmm hmm oh yeah

Oh Lordy, Lordy



Well the rich man lives

Where there's glory and honor

He lives so well

Won't you praise the Lord?

Children, when he dies

Where there's glory and honor

I'm home in heaven

Won't you praise the Lord?



Why don't your rock my soul?

Down in the bosom of Abraham

Rock, rock, rock down in the bosom of Abraham

You rock my soul

Down in the bosom of Abraham



Hmm hmm oh yeah

Oh Lordy, Lordy



Ooh rock my soul

Why don't you rock my soul?

Won't you rock my soul?

Down in the bosom of Abraham

Rock, rock, rock down in the bosom of Abraham

You rock my soul



Hmm hmm, oh yeah

Once again boys



Ooh rock my soul

Why don't you rock my soul?","gospel, classic rock, oldies",gospel,classic rock,oldies
Elvis Presley,Cross My Heart and Hope to Die,"I can explain about last night

Though things didn't look just right

Please believe me there was nothing wrong

I thought about you, baby, all night long

Cross my heart, I hope to die

Well, I wouldn't tell you no lie



You talk about a piece of rotten luck

You do a friend a favor, and you wind up stuck

She couldn't hold a candle to you, no siree

Very hard to handle like a model T

Cross my heart, I hope to die

Well, I wouldn't tell you no lie



Please believe me when I say

Wild horses couldn't drag me away

From you 'cause I don't have to look too hard

To see what I've got in my own backyard



So, please forgive me and forget 

Don't say my alibi's all wet

I miss those kisses from your honeycomb

This humble bumble bee just wants to fly back home

Cross my heart, I hope to die

Well, I wouldn't tell you no lie



I wouldn't tell you no lie

No, no, no, no, no, no

I wouldn't tell you no lie","rock n roll, classic rock, rock",rock n roll,classic rock,rock
Elvis Presley,Down by the Riverside,"Let's snap our fingers, clap our hands

Down by the riverside, down by the riverside, down by the riverside

Let's give 'em what the song demands

Down by the riverside, down by the riverside



We'll hear them playing, keep that beat

Down by the riverside, down by the riverside, down by the riverside

Let's get together, what a treat

Down by the riverside, down by the riverside



Strike up the band, start the parade

Don't let that grand old rhythm fade

Just play that song, play that number

When the saints come marching in



Shake tambourines, play that coronet

That trumpet horn you won't forget

Your heart will hum to that number

When the saints come marching in



The cymbals clang, just pound that beat

Sounds like a hundred marching feet

It's fun to join in that number

When the saints come marching in



See banners wave, oh, hear that ring

We all feel prouder than a king

'Cause everyone, everyone loves that number

When the saints come marching in","gospel, rock n roll, oldies",gospel,rock n roll,oldies
Elvis Presley,Fools Fall In Love,"Fools fall in in love in a hurry

Fools give their hearts much too soon

Just put in two bars of ""Stardust""

Just hang out one silly moon



Oh, they've got their love torches burning

When they should be playing it cool

I used to laugh but now I'm the same

Take a look at a brand-new fool



Fools fall in love just like schoolgirls

Blinded by rose colored dreams

They build their castles on wishes

With only rainbows for beams



Oh, they're making plans for the future

When they should be right back in school

I used to laugh but now I'm the same

Take a look at a brand-new fool, all right



They've got their love torches burning

When they should be playing it cool

I used to laugh but now I'm the same

Take a look at a brand-new fool

Take a look at a brand-new fool","oldies, 60s, doiyes",oldies,60s,doiyes
Elvis Presley,Golden Coins,"Say you're mine, then ask me what you will

All your dreams, my darling, I'll fulfill



Golden coins I will bring to you

Silver trinkets and rubies too

In return, dear, I'm begging you

For the pleasures of love



I'll bring gifts like you never saw

Priceless garments that you'll adore

Persian rugs to enhance your floor

For the pleasures of love



Darling, choose anything you please

Rich brocade or woven tapestries

In exchange, I plead on my knees

For the pleasures of love



Golden coins, I'll place at your feet

Precious jewels to make life complete

All my treasures are yours, my sweet



For the pleasures of love","rock n roll, oldies, classic rock",rock n roll,oldies,classic rock
Elvis Presley,Heart of Rome,"In a little while you're leavin'

Starting on the journey home

Soon I'll be alone, the one who loves you

La la la la la, somewhere in the heart of Rome



I'll make a wish in every fountain

Say a prayer that you'll return

Minutes I'll be counting

May the fire of love still burn

I'll keep your picture by my pillow

And pretend I'm not alone

Make believe that you are with me

La la la la la, in the heart of Rome



Suddenly the tears are falling

As we hear the whistle blow

Hold me very close before you leave me

La la la la la, somewhere in the heart of Rome



I'll make a wish in every fountain

Say a prayer that you'll return

Minutes I'll be counting

May the fire of love still burn

I'll keep your picture by my pillow

And pretend I'm not alone

Make believe that you are with me

La la la la la, in the heart of Rome



I'll make a wish in every fountain

Say a prayer that you'll return

Minutes I'll be counting

May the fire of love still burn

I'll keep your picture by my pillow

And pretend I'm not alone

Make believe that you are with me

La la la la la, in the heart of Rome","oldies, rock n roll, classic rock",oldies,rock n roll,classic rock
Elvis Presley,I Believe,"I believe for every drop of rain that falls

A flower grows

I believe that somewhere in the darkest night

A candle glows



I believe for everyone who goes astray

Someone will come to show the way

I believe, I believe



I believe above a storm the smallest prayer

Can still be heard

I believe that someone in the great somewhere

Hears every word



Every time I hear a newborn baby cry

Or touch a leaf or see the sky

Then I know why

I believe (Believe, I believe)



Every time I hear a newborn baby cry

Or touch a leaf or see the sky

Then I know why

I believe (I believe)","christmas, gospel, rock n roll",christmas,gospel,rock n roll
Elvis Presley,I Need Somebody to Lean On,"I need somebody to lean on

I need somebody to, to tell my troubles to

No use denying, I'm close to cryin'

But what good, tell me, what good would my crying do?



I need somebody to help me

Help me forget all those worries on my mind

And when I'm lonely, if someone would only

Want to be sweet and kind



I need somebody, won't that somebody

Please, please listen to my plea?

Need that somebody, won't that somebody

Come running to me?



I need somebody to lean on

I'm tired of being unhappy and so blue

If she came I would hold her

'Cause I need that shoulder to lean on, yes, I really do

I need somebody and maybe that somebody is you","60s, easy listening, sixties",60s,easy listening,sixties
Elvis Presley,I'll Remember You,"I'll remember you

Long after this endless summer has gone

I'll be lonely, oh so lonely

Living only to remember you



I'll remember you

Your voice as soft as the warm summer breeze

Your sweet laughter, mornings after

Ever after, I'll remember you



To your arms someday, I'll return to stay

Till then I will remember too

Every bright star we made wishes upon

Love me always, promise always

Ooh, you'll remember too



To your arms someday, I'll return to stay

Till then I will remember too

Every bright star we made wishes upon

Love me always, promise always

Ooh, you'll remember too



(I'll remember you)

I'll remember you","rock, cover, oldies",rock,cover,oldies
Elvis Presley,If I Get Home on Christmas Day,"If I get home on Christmas day

I won't need soft words to say

I'll miss you and I can stay a while

You'll see it in my eyes and when I smile



If I get home before midnight

While you're still sleeping tight

I'll take you in my arms and there you'll stay

If I get home on Christmas day



Writing letters every day

Never really seem to say

The way I feel deep in this heart of mine

Thought I'm half a world away

If we're patient and we pray

Know I'll get my chance with you this time



If I get home on Christmas day

I won't need soft words to say

I'll miss you and I can stay a while

You'll see it in my eyes and when I smile



If I get home before midnight

While you're still sleeping tight

I'll take you in my arms and there you'll stay

If I get home on Christmas day

I'll take you in my arms and there you'll stay

If I get home on Christmas day","rock n roll, oldies, classic rock",rock n roll,oldies,classic rock
Elvis Presley,It Keeps Right on A-hurtin',"I cry myself to sleep each night

Wishing I could hold you tight

Life seems so empty since you went away

The pillow where you laid your head

Now holds my empty dreams instead

And it keeps right on a-hurtin' since you're gone



It keeps right on a-hurtin' every minute of the day

Every hour you're away, I feel so lonely

And I can't help it, I don't think I can go on

And it keeps right on a-hurtin' since you're gone



They say a man ain't supposed to cry

But when I see you passing by

My heart breaks down and cries a million tears

The pillow where you laid your head

Now holds my empty dreams instead

And it keeps right on a-hurtin' since you're gone



It keeps right on a-hurtin' every minute of the day

Every hour you're away, I feel so lonely

And I can't help it, I don't think I can go on

And it keeps right on a-hurtin' since you're gone

Yes, it keeps right on a-hurtin' since you're gone","60s, elvis, oldies",60s,elvis,oldies
Elvis Presley,Just A Little Bit,"I don't want much

Just want a little bit

Don't want it all

Just a little bit



Give me an eeny, weeny bit

A teeny, weeny bit of your love



Turn your lamps down low

Slip me a kiss

Turn your lights down low

I won't let you resist



I want an eeny, weeny bit

A teeny, weeny bit of your love



Early in the morning

Well, just a little bit

Around midnight

Just a little bit



I want an eeny, weeny bit

A teeny, weeny bit of your love



Walk with me

Just a little bit

I said talk to me

Just a little bit



I want an eeny, weeny bit

A teeny, weeny bit of your love



I want you to remember

To say that you'll be mine

Say you'll never leave me

'Til the end of time



I want an eeny, weeny bit

A teeny, weeny bit of your love

I want an eeny, weeny bit

A teeny, weeny bit of your love

I want an eeny, weeny bit

A teeny, weeny bit of your love

I want an eeny, weeny bit

A teeny, weeny bit of your love","oldies, rock, 70s",oldies,rock,70s
Elvis Presley,Let's Forget About the Stars,"If you let the stars keep telling you

Who to love and not to love

You may never find contentment for your heart

You could go unloved forever and darling that means never

Surrender to love, let's forget about the stars

You say that stars have promised you true love ten thousand times

But here you are with a broken heart and mind

I can tell you want to love me from the beating in your heart

Surrender to love, let's forget about the stars

Let's forget about the stars, come follow me my dove

To a world just like the world that you've been dreaming of

Let's not wait too long for something might go wrong

Surrender to love, let's forget about the stars

Let's forget about the stars

Let's forget about the stars

Let's forget about the stars","60s, pop, oldies",60s,pop,oldies
Elvis Presley,Make the World Go Away,"Make the world go away

Get it off, get it off my shoulder

Say the things we used to say

And make the world, make it go away



Do you remember when you loved me?

Before the world took you away?

(Yes, I do)

Well, if you do, then forgive me

And make the world, make it go away



Yeah, make the world go away

Yeah, get it off, get it off, get it off my shoulder

Say the things we used to say

And make the world go away



Now I'm sorry if I hurt you

Let me make it up to you day by day

And if you will please forgive me

And make the world, make it go away



Oh, make the world go away

Yeah, get it off, get it off my shoulder

Say the things we used to say

And make the world, make it go away



Yeah, make the world go away

Get it off, get it off my shoulder

Say the things we used to say

And make the world go away","rock n roll, oldies, classic rock",rock n roll,oldies,classic rock
Elvis Presley,My Babe,"Well, my baby don't stand no cheating, my babe

Well, my baby don't stand no cheating, my babe

Well, my babe don't stand no cheating

She don't, she don't, she don't, oh, Lord

My babe, I know she loves me, my babe



Well, now my babe, I know she loves me, my babe

Yeah, my baby, I know she loves me, my babe

Well, my baby, I know she loves me

She don't do nothing but kiss and hug me

My babe, I know she loves me, my babe



Oh my, my baby

(Oh baby)

Oh my, my baby

(Oh baby)



Oh my, my baby

(Oh baby)

Oh my, my baby



Well, well, my babe, I know she loves

She don't, she don't, she don't...

My babe, I know she loves me, my babe



Oh my, my baby

(Oh baby)

Oh my, my baby

(Oh baby)



Oh my, my baby

(Oh baby)

Oh my, my baby



Well, well, my babe, I know she loves

My babe, I know she loves me, my babe



Oh my, my baby

(Oh baby)

Oh my, my baby

(Oh baby)

Oh my, my baby","rock n roll, oldies, classic rock",rock n roll,oldies,classic rock
Elvis Presley,Old Rugged Cross,,"rock n roll, oldies, classic rock",rock n roll,oldies,classic rock
Elvis Presley,Please Don't Stop Loving Me,"Please don't stop loving me

You were born just to be in my arms

In my arms

Please don't stop loving me

Your lips were made just to be kissed by me

Kissed by me



When I'm with you

I don't know day from night, wrong from right

You are my world, that's all I know

I love you so, I won't let go



Please don't stop loving me

Darling you'll always be mine alone

Mine alone","rock n roll, oldies, classic rock",rock n roll,oldies,classic rock
Elvis Presley,Roustabout,"I'm just a roustabout

Shifting from town to town

No job can hold me down

I'm just a knock-around guy

There's a lot of space beneath that sky

Till I find my place, there's no doubt

I'll be a rovin' roustabout



Call me the carefree kind

I wander with the breeze

My mind and heart's at ease

Doing what pleases me best

Gotta keep a-movin' east or west (East or west, east or west)

Till I find my place, there's no doubt (No doubt)

I'll be a rovin' roustabout



And even if a pretty girl should catch my eye

I'll give her a quick ""Hello"" and a fast goodbye



Oh, I'll go the way I want

Driftin' just like the sand

Doin' what job I can

Changing my plans as I choose (I choose)

Long as I keep happy, I can't lose (Can't lose)

Till I find my place, there's no doubt

I'll be a rovin' roustabout



I'll be a rovin' roustabout

I'll be a rovin' roustabout

Rovin', rovin', rovin' roustabout

I'll be a rovin' roustabout","oldies, rock and roll, 60s",oldies,rock and roll,60s
Elvis Presley,Signs Of The Zodiac,,"huh, lol, eh",huh,lol,eh
Elvis Presley,Speedway,"Take a ton of bolts and steel

A whole lot to sweat, a set of wheels

On the Speedway

The flag is down, pistons pound

Plenty of engines ripping around

On the Speedway (Go, go, go, go)



Go for the money and lead the pack

Push the throttle and burn the track

Curl and swirl like you're doing a dance

Straightaway is coming and now's your chance

On the Speedway (Speedway)

On the Speedway (Speedway)

On the Speedway (Speedway)

Stomp that pedal down to the floor

As much as you give, the crowd wants more, more, more, more, more, more

On the Speedway (Speedway)

On the Speedway



Take a spin, hit the brakes

And your little girl shivers and shakes

On the Speedway

Clear the way, coming through

Kiss from your baby is just pushing you

On the Speedway (Go, go, go, go)



Go for the money and lead the pack

Push the throttle and burn the track

Curl and swirl like you're doing a dance

Straightaway is coming and now's your chance

On the Speedway (Speedway)

On the Speedway (Speedway)

On the Speedway (Speedway)

Stomp that pedal down to the floor

As much as you give, the crowd wants more, more, more, more, more, more

On the Speedway (Speedway)



On the Speedway (Speedway)

On the Speedway (Speedway)

On the Speedway (Speedway)

On the Speedway (Speedway)

On the Speedway (Speedway)

On the Speedway (Speedway)

On the Speedway

On the Speedway","rock n roll, oldies, classic rock",rock n roll,oldies,classic rock
Elvis Presley,Sweetheart You Done Me Wrong,,"rock n roll, oldies, classic rock",rock n roll,oldies,classic rock
Elvis Presley,The Lady Loves Me,,"oldies, classic rock, rockabilly",oldies,classic rock,rockabilly
Elvis Presley,This Is Our Dance,"We had a real good evening

Now all our friends are leaving

Soon we'll be alone

Wait till everybody has gone

Then play just one more song



'Cause this is our dance

Darling remember, it's our dance

Loving and tender

I'll take you away, take you away

In my arms

Yes this is our dance, now we're together

For our dance can't last forever

And nobody knows just what tomorrow will bring

So let our dance begin



We'll turn the light down low now

I'll never let you go now

You're here in my arms

And when I hear you whisper you're mine

We'll play that song just one more time



'Cause this is our dance

Darling remember, it's our dance

Loving and tender

I'll take you away, take you away

In my arms

Yes this is our dance, now we're together

For our dance can't last forever

And nobody knows just what tomorrow will bring

So let our dance begin","oldies, romantic, elvis presley",oldies,romantic,elvis presley
Elvis Presley,"Vino, Dinero y Amor","Viva el vino, viva el dinero

Viva, viva

El amor



I like to drink wine, and money is fine

But I like the girls even more

Viva el vino, viva el dinero

Viva viva el amor



Some pesos you pass, put wine in her glass

And soon she will say, ""SÃ­, seÃ±or""

Viva el vino, viva el dinero

Viva viva el amor



With wine on your lips and money in your pocket

And your sweetheart in your arms

You're rich as you can be

So lift up your glass, let's sing it all together

Muchachas, caballero

Make this toast with me



We'll drink one more timeto money and wine

Let's drink to the girls we adore

Viva el vino, viva el dinero

Viva viva el amor



Sing one more time to money and wine

Let's sing to the girls we adore

Viva el vino, viva el dinero

Viva viva el amor","oldies, 60s, one of my favorite songs",oldies,60s,one of my favorite songs
Elvis Presley,When the Saints Go Marchin' In,"Oh, when the saints go marching in

Well, when the saints go marching in

I wanna be right there in that number, number

When the saints go marching in



Well, when the saints go marching in

When the saints go marching in

I wanna be right there in that number, number

When the saints go marching in



Yeah, when the sun refuse to shine

When the sun refuse to shine

I wanna be right there in that number, number

When the sun refuse to shine



Go, go go

Go, go go



Well, when the saints go marching in

When the saints go marching in

I wanna be right there in that number, number

When the saints go marching in



Yeah, when the sun refuse to shine

When the sun refuse to shine

I wanna be right there in that number, number

When the sun refuse to shine



When the saints, the saints go marching in

When the saints go marching in

I wanna be right there in that number, number

When the saints go marching in","classic rock, rock, rock and roll",classic rock,rock,rock and roll
Elvis Presley,Yesterday,"Yesterday, all my troubles seemed so far away

Now, it looks as though they're here to stay

Oh, I believe in yesterday



Suddenly, I don't have the laugh, I used to weep

There's a shadow hanging over me

Oh, yesterday, came suddenly



Why'd she have to go

I don't know, she wouldn't say

I said something wrong

Now, I long for yesterday



Yesterday, love was such an easy game to play

Now I need a place to hide away

Oh, I believe in yesterday","cover, the beatles, beatles cover",cover,the beatles,beatles cover
John Mayer,New Light,"Ah, ah

I'm the boy in your other phone

Lighting up inside your drawer at home all alone

Pushing forty in the friend zone

We talk and then you walk away every day



Ooh, you don't think twice 'bout me

And maybe you're right to doubt me, but



But if you give me just one night

You're gonna see me in a new light

Yeah, if you give me just one night

To meet you underneath the moonlight



Oh, I wanna take two, I wanna break through

I wanna know the real thing about you

So I can see you in a new light



Take a ride up to Malibu

I just wanna sit and look at you, look at you

What would it matter if your friends knew?

Who cares what other people say anyway?



Oh, we can go far from here

And make a new world together, babe



'Cause if you give me just one night

You're gonna see me in a new light

Yeah, if you give me just one night

To meet you underneath the moonlight



Oh, I wanna take two, I wanna break through

I wanna know the real thing about you

So I can see you in a new light



Ay, ay

Ay, ay

Ay, ay

Ay, ay

Ay, ay



Ah



Yeah, if you give me just one night

You're gonna see me in a new light

Yeah, if you give me just one night

To meet you underneath the moonlight



What do I do with all this, what do I do with all this

Love that's running through my veins for you?

What do I do with all this, what do I do with all this

Love that's running through my veins for you?



What do I do with all this, what do I do with all this

Love that's running through my veins for you?

What do I do with all this, what do I do with all this, ooh



Written by:

John Mayer, No I.D","adult contemporary, indie, singer-songwriter",adult contemporary,indie,singer-songwriter
John Mayer,All I Want Is To Be With You,"I can fake it and pretend

I don't wanna see your face again

And I can find me someone new

But all I want is to be with you



I can learn how to let you go

And carry on with the one-man show

I'll fade away into the blue

But all I want is to be with you

All I want is to be with you



I'll get dressed and hit the town tonight

Meet some faces under neon lights

I'll dance alone with dÃ©jÃ  vu

But all I want is to be with you

All I want is to be with you



They said I'd hurt you, said I'd run

Just like I always do with everyone

But you were different, I was true

And all I want is to be with you

All I want is to be with you

All I want is to be with you



All I want is

All I want is

All I want is

All I want is

All I want is

All I want is","singer-songwriter, acoustic, rock",singer-songwriter,acoustic,rock
John Mayer,Dear Marie,"Dear Marie,

Tell me what it was I used to be?

Oh, dear Marie,

Tell me what it was I used to be?



And if you're further up the road can you show me what I still can't see



Remember me?

I'm the boy you used to love when you were 15

Remember me?

I'm the boy you used to love when you were 15



Now I wonder what you think when you see me in a magazine



From time to time I'll go looking for your photograph online

From time to time I'll go looking for your photograph online



But some county judge in Ohio is all I ever find




[Solo]



Dear Marie,

Tell me do you still believe in me?

Oh, dear Marie,

Tell me do you still believe in me?



Well, I got my dream, but you got a family

Yeah, I got that dream, but you got yourself a family

Yeah, I got that dream, but I guess it got away from me



Oh ah oh 
[repeated]","pop rock, country, john mayer",pop rock,country,john mayer
John Mayer,I Guess I Just Feel Like,"I guess I just feel like

I guess I just feel like

Nobody's honest

Nobody's true

Everyone's lying

To make it on through

I guess I just feel like

I'm the same way too



I guess I just feel like

Good things are gone

And the weight of my worries

Is too much to take on



I think I remember

The dream that I had

That love's gonna save us

From a world that's gone mad

I guess I just feel like

What happened to that



I guess I just feel like

The joke's getting old

The future is fading

And the past is on hold



But I know that I'm open

And I know that I'm free

And I'll always let hope in

Wherever I'll be

And if I go blind I'd still find my way

I guess I just felt like

Giving up today",,,,
John Mayer,Outside In The Underground,,"singer-songwriter, great, male vocalists",singer-songwriter,great,male vocalists
John Mayer,Til The Right One Comes,"Well the lucky in love

Call themselves, ""Winners""

And losers are sinners who have gone astray



As if I woke up

Lonely one morning

Looked around and decided I would stay that way, oh



You knock me down and you call me, ""Crazy""

You say I'm never gonna love someone

Give it time now and you might find maybe, I

Prove you wrong when the right one comes

Won't be long til the right one comes



And I know people

Broke down and defeated

Lost what they needed in some miserable war



So forgive me if I might

Look around for a minute

Before jumping right in it, I just want to be sure



Some people 'round here been calling me, ""Crazy""

Some people say I'll never love someone

That's alright, give it time and maybe, I

Prove you wrong when the right one comes

Won't be long til the right one comes



Til the right one comes



Now I'm lying in my bed

End of a long day

Headed the wrong way down that highway of dreams



When you're a little unsure of whatcha headed for

The end of the road ain't as close as it seems



Some people 'round here been calling me, ""Crazy""

Must be something he's been runnin from

Stick around now and you might find maybe, I

Prove you wrong when the right one comes

Won't be long til the right one comes



Til the right one comes

Til the right one comes



Who's that knocking at my door? (Til the right one comes)

Is it someone I've been looking for? (Til the right one comes)

And who's that throwing arms around me? (Til the right one comes)

And telling me she finally found me (Til the right one comes)



Til the right one comes

Til the right one comes

Til the right one comes

Til the right one comes

Til the right one comes","pop rock, soft rock, 2020s",pop rock,soft rock,2020s
Amy Winehouse,Tears Dry On Their Own,"All I can ever be to you

Is a darkness that we knew

And this regret I've got accustomed to

Once it was so right

When we were at our height

Waiting for you in the hotel at night



I knew I hadn't met my match

But every moment we could snatch

I don't know why I got so attached

It's my responsibility

And you owe nothing to me

But to walk away I have no capacity



He walks away

The sun goes down

He takes the day

But I'm grown

And in your way

In this blue shade

My tears dry on their own



I don't understand

Why do I stress the man

When there's so many bigger things at hand

We could a never had it all

We had to hit a wall

So this is inevitable withdrawal

Even if I stop wanting you

A perspective pushes through

I'll be some next man's other woman soon



I cannot play myself again

I should just be my own best friend

Not fuck myself in the head with stupid men



He walks away

The sun goes down

He takes the day

But I'm grown

And in your way

In this blue shade

My tears dry on their own



So we are history

Your shadow covers me

The sky above

Ablaze



He walks away

The sun goes down

He takes the day

But I'm grown

And in your way

In this blue shade

My tears dry on their own



I wish I could say no regrets

And no emotional debts

'Cause as we kiss goodbye the sun sets



So we are history

The shadow covers me

The sky above

Ablaze that only lovers see



He walks away

The sun goes down

He takes the day

But I'm grown

And in your way

My blue shade

My tears dry on their own



He walks away

The sun goes down

He takes the day

But I am grown

And in your way

My deep shade

My tears dry on their own



He walks away

The sun goes down

He takes the day

But I'm grown

And in your way

My deep shade

My tears dry","soul, jazz, female vocalists",soul,jazz,female vocalists
Amy Winehouse,B Boy Baby,,"soul, jazz, female vocalists",soul,jazz,female vocalists
Amy Winehouse,Monkey Man,"Aye yi yi, aye yi yi

Huggin' up the big monkey man

Aye yi yi, aye yi yi

Huggin' up the big monkey man



I never saw you, I only heard of you

Huggin' up the big monkey man

I never saw you, I only heard of you

Huggin' up the big monkey man



It's your lie, it's your lie

Huggin' up the big monkey man

It's your lie, it's your lie

Huggin' up the big monkey man



Now I know that, now I understand

Huggin' up the big monkey man

Now I know that, now I understand

Huggin' up the big monkey man



La la la la la la

Huggin' up the big monkey man

La la la la la la

Huggin' up the big monkey man



Aye yi yi, aye yi yi

Huggin' up the big monkey man

Aye yi yi, aye yi yi

Huggin' up the big monkey man



I never saw you, I only heard of you

Huggin' up the big monkey man

I never saw you, I only heard of you

Huggin' up the big monkey man



It's your lie, it's your lie

Huggin' up the big monkey man

It's your lie, it's your lie

Huggin' up the big monkey man



Now I know that, now I understand

Huggin' up the big monkey man

Now I know that, now I understand

Huggin' up the big monkey man



La la la la la la

Huggin' up the big monkey man

La la la la la la

Huggin' up the big monkey man","soul, jazz, female vocalists",soul,jazz,female vocalists
Rolling Stones,She's A Rainbow,"She comes in colours ev'rywhere

She combs her hair

She's like a rainbow

Coming, colours in the air

Oh, everywhere

She comes in colours



She comes in colours ev'rywhere

She combs her hair

She's like a rainbow

Coming, colours in the air

Oh, everywhere

She comes in colours



Have you seen her dressed in blue?

See the sky in front of you

And her face is like a sail

Speck of white so fair and pale

Have you seen a lady fairer?



She comes in colours ev'rywhere

She combs her hair

She's like a rainbow

Coming, colours in the air

Oh, everywhere

She comes in colours



Have you seen her all in gold?

Like a queen in days of old

She shoots colours all around

Like a sunset going down

Have you seen a lady fairer?



She comes in colours ev'rywhere

She combs her hair

She's like a rainbow

Coming, colours in the air

Oh, everywhere

She comes in colours



She's like a rainbow

Coming, colours in the air

Oh, everywhere

She comes in colours","classic rock, 60s, rock",classic rock,60s,rock
Rolling Stones,All I Want Is My Baby,,,,,
Rolling Stones,Blues Turns To Grey,,"classic rock, rock, british",classic rock,rock,british
Rolling Stones,Cook Cook Blues (Steel Wheels b-side),,"classic rock, rock, 60s",classic rock,rock,60s
Rolling Stones,Doom and Gloom (Benny Benassi Remix),,"house, electronic, remix",house,electronic,remix
Rolling Stones,Fool To Cry,"When I come home baby

And I've been working all night long

I put my daughter on my knee, and she said

""Daddy what's wrong?""

She whispered in my ear so sweet

You know what she said?

She said



""Daddy you're a fool to cry

You're a fool to cry

And it makes me wonder why.""



Daddy, you're a fool""



You know, I got a woman

(Daddy, you're a fool)

And she live in the poor part of town

And I go see her sometimes

And we make love, so fine

I put my head on her shoulder

She said, ""Tell me all your troubles.""

You know what she said? she said



""Daddy you're a fool to cry

You're a fool to cry

And it makes me wonder why.""



Daddy you're a fool to cry

Oh, I love you so much baby

Daddy you're a fool to cry

Daddy you're a fool to cry, yeah



She said, ""Daddy you're a fool to cry

You're a fool to cry

And it makes me wonder why.""



She said, ""Daddy you're a fool to cry

Daddy you're a fool to cry

Daddy you're a fool to cry

Daddy you're a fool to cry



Even my friends say to me sometimes

I make out like I don't understand them

You know what they say?

They say, ""Daddy you're a fool to cry

You're a fool to cry

And it makes me wonder why.""



I'm a fool baby

I'm a fool baby

I'm a certified fool

I want to tell ya

Gotta tell ya, baby



I'm a fool baby

I'm a fool baby

Come on

I'm a fool

I'm a fool

I'm a fool","classic rock, rock, 70s",classic rock,rock,70s
Rolling Stones,"Have You Seen Your Mother, Baby, Standing In The Shadow?","Have you seen your mother, baby, standing in the shadow?

Have you had another, baby, standing in the shadow?



I'm glad I opened your eyes

The have-nots would have tried to freeze you in ice



Have you seen your brother, baby, standing in the shadow?

Have you had another baby, standing in the shadow?



Well, I was just passing the time

I'm all alone, won't you give all your sympathy to mine?



Tell me a story about how you adore me

Live in the shadow, see through the shadow,

Glimpse through the shadow, tear at the shadow

Hate in the shadow, and love in your shadowy life



Have you seen your lover, baby, standing in the shadow?

Has he had another baby, standing in the shadow?



Just where have you been all your life?

Talking about all the people who would try anything twice



Have you seen your mother, baby, standing in the shadow?

Has she had another baby, standing in the shadow?



Well, you take your choice at the time

The brave old world or the slide to the depths of decline","classic rock, rock, 60s",classic rock,rock,60s
Rolling Stones,I Get A Kick Out Of You,,"classic rock, rock, 60s",classic rock,rock,60s
Rolling Stones,Intro: Excerpt From 'Fanfare For The Common Man',,"classic rock, rock, 60s",classic rock,rock,60s
Rolling Stones,Let's Spend The Night Together,"My, my, my, my



Don't you worry 'bout what's on your mind (oh my)

I'm in no hurry I can take my time (oh my)

I'm going red and my tongue's getting tied (tongue's getting tied)

I'm off my head and my mouth's getting dry

I'm high, but I try, try, try (oh my)



Let's spend the night together

Now I need you more than ever

Let's spend the night together now

My-my-my-my, oh my



I feel so strong that I can't disguise (oh my)

Let's spend the night together

But I just can't apologize (oh no)

Let's spend the night together

Don't hang me up and don't let me down (don't let me down)

We could have fun just groovin' around around and around

And oh my, my



Let's spend the night together

Now I need you more than ever

Let's spend the night together



Let's spend the night together

Now I need you more than ever



You know I'm smiling baby

You need some guiding baby

I'm just deciding, baby; now



I need you more than ever

Let's spend the night together

Let's spend the night together now

Oh m-my-my-my-my-my-my



This doesn't happen to me every day (oh my)

Let's spend the night together

No excuses offered anyway (oh my)

Let's spend the night together



I'll satisfy your every need (your every need)

And now I know you will satisfy me

Oh m-my-my-my-my-my



Let's spend the night together

Now I need you more than ever

Let's spend the night together now



Oh m-my-my-my-my-my-my

(Let's spend the night together)

Now I need you, need you more than ever, woman

(Let's spend the night together)



I'll satisfy your every need, woman

(Let's spend the night together)

Now I know, I know you'll satisfy me, whoa, my-my

(Let's spend the night together)



I beg you, baby, oh my-my-my-my-my-my

(Let's spend the night together)

A-come on, now, oh baby, my-my-my-my

(Let's spend the night together)","classic rock, rock, 60s",classic rock,rock,60s
Rolling Stones,Memo From Turner,"Didn't I see you down in San Antone on a hot and dusty night?

We were eating eggs in Sammy's when the black man there drew his knife

Didn't you drown that Jew in Rampton when he washed his sleeveless shirt

With that Spanish-speaking gentleman. The one we all called ""Kurt""



Come now, gentleman, there must be some mistake

How forgetful I'm becoming, now you fixed your business straight



I remember you in Hemlock Road in nineteen fifty-six

You're a faggy little leather boy with a smaller piece of stick

You're a lashing, smashing hunk of man

Your sweat shines sweet and strong

Your organ's working perfectly, but there's a part that's not screwed on



Weren't you at the Coke convention back in nineteen sixty-five

You're the misbred, grey executive that I've seen heavily advertised

You're the great, gray man whose daughter licks policemen's buttons clean

You're the man who squats behind the man who works the soft machine



Come now, gentleman. Your love is all I crave

You'll still be in the circus when I'm laughing, laughing in my grave



When the old men do the fighting and the young men all look on

And the young girls eat their mothers meat from tubes of plastic on

So be wary please my gentle friends of all the skins you breed

They have a nasty habit that is they bite the hands that feed



So remember who you say you are and keep your noses clean

Boys will be boys and play with toys so be strong with your beast

Oh, Rosie, dear. Don't you think it's queer? So, stop me, if you please

The baby is dead. My lady said, ""You, gentlemen. Why you all work for me?""","classic rock, rock, pop",classic rock,rock,pop
Rolling Stones,Oh Baby (we Got A Good Thing Goin'),"No matter how much she wants me

I'm not going nowhere

I'm gonna stick right here, babe

You know how much I care



So don't worry 'bout me baby

'Cause I'm right here at home

Oh baby, oh baby, we got a good thing goin'



You may talk all about me

And scandalize my name

But deep down inside of me

I know I'm the only man



So don't worry 'bout me baby

'Cause I'm right here at home

Oh baby, oh baby, we got a good thing goin'



So maybe I knew her

Once upon a time

But that's all in the past babe

Baby let me know you're mine, all mine, all mine



No matter how much she wants me

I'm not going nowhere

I'm gonna stick right here, babe

I know how much you care



So don't worry 'bout me baby

'Cause I'm right here at home

Oh baby, oh baby, we got a good thing goin'



Got a good thing goin' baby

We got a good thing goin'

That's what I said

We got a good thing goin'

Got a thing goin' for ourselves

Got a thing goin' for ourselves

We got a pretty good thing goin'","classic rock, rock, 60s",classic rock,rock,60s
Rolling Stones,Rock Me Baby,,"classic rock, rock, british",classic rock,rock,british
Rolling Stones,Sister Morphine,"Here I lie in my hospital bed

Tell me, Sister Morphine, when are you coming round again?

Oh, and I don't think I can wait that long

Oh, you see that I'm not that strong



The scream of the ambulance is sounding in my ears

Tell me, Sister Morphine, how long have I been lying here?



What am I doing in this place?

Why does the doctor have no face?



Oh, I can't crawl across the floor

Ah, can't you see, Sister Morphine, I'm trying to score?



Well it just goes to show

Things are not what they seem

Please, Sister Morphine, turn my nightmares into dreams

Oh, can't you see I'm fading fast?

And that this shot will be my last?



Sweet Cousin Cocaine, lay your cool cool hand on my head

Ah, come on, Sister Morphine, you better make up my bed

'Cause you know and I know in the morning I'll be dead

Yeah, you can sit around, yeah you can watch

All the clean white sheets stained red","classic rock, rock, 70s",classic rock,rock,70s
Rolling Stones,Surprise Surprise,"Heard from friends of mine

You been telling lies

How I was wrapped up in you



But surprise, surprise

Surprise, surprise

I never wanted you that bad

'Cause I knew you was telling lies

Knew you was telling lies

I could see it in your eyes



Why did you have to

Go and fool after

We had got along so fine?



But surprise, surprise

Surprise, surprise

Ain't nothing strange to me

Knew you was telling lies

Knew you was telling lies

I could see it in your eyes



Knew you was telling lies

Knew you was telling lies

I could see it in your eyes



I hope you're proud of

All your chasin' 'round

Thinkin' I was alone all night



But surprise, surprise

Surprise, surprise

You're only foolin' yourself

'Cause I knew you was telling lies

Knew you was telling lies

I could see it in your eyes



Yeah, baby why did you have to go fool around

After we got along so fine

I knew you was tellin' lies and tellin' jive

Yes I did

We got along so fine



But I knew you was telling lies

Knew you was talkin' jive

I could see it in your eyes","rock, blues, classic rock",rock,blues,classic rock
Rolling Stones,Through The Lonely Nights,"Through the lonely nights I think of you

Through the lonely hours I dream of you

I don't know why I do it, but I do

Why do you take it, what's wrong with you?



Through the lonely weekends I'm far from you

Why you're coming on, like you're supposed to do, yes

Oh, but you know me so well

And your time ain't so hard to sell



Every time I see ya

Every time I see ya

Every time I see ya

Every time I see you



In your cherry dresses and your shiny shoes

In a doorway on some neon avenue

Making the lonely pay for me

Why don't we set each other free



When did I mislead ya

When did I misread ya

When did I mistreat ya

When did I deceive ya



Oh, I'm stuck out want to cry, cry, cry

Sleep in the doorway, Lord, making a rendezvous

Lord, I'm stuck out baby, I want to cry cry cry cry cry cry cry

Lord, babe, I li, li, li, li, li Lord","classic rock, rock, 60s",classic rock,rock,60s
Rolling Stones,Wanna Hold You,"I wanna hold

I gotta hold you

Hold you baby close to me



I hope you find it funny

That I got no money

But if you stick with me

You're gonna get some love for free



I wanna hold you

I gotta hold you

Hold you baby close to me

Close to me



Yeah, I wanna hold you

I gotta hold you

Hold you baby close to me, yeah



You sure look good to me

So what's it gonna be

It's up to you to choose

...your heart girl you're confused



This time it's not for fun

That you're the only one

Why should I say to you?



I wanna hold you

I gotta hold you

Hold you baby close to me

I gotta hold you

I gotta hold you

Hold you baby close to me



This time it's not for fun

Yeah you're the only one

What should i say to you

I only know that this love gonna be



I wanna hold you

I wanna hold you

Hold you baby close to me

I gotta hold you

I gotta hold you

Hold you baby close to me



But if you let me smile

But if you know I lie

But after all you gave

I'll be your lover

I'll be your slave



I gonna hold you yeah

I wanna hold you

Hold you baby close to me

I wanna hold you

I gotta gold you

Hold you baby close to me

Oh yeah oh yeah



I wanna hold you

I gotta hold you

Hold you baby close to me

I gotta hold you

I wanna hold you

Hold you baby close to me

Oh yeah oh yeah



I gotta hold you

I gotta hold you

Hold you baby close to me

Oh yeah oh yeah



Hold you baby close to me

Oh yeah oh yeah



Hold you baby close to me

Oh yeah oh yeah","classic rock, rock, rock - classic",classic rock,rock,rock - classic
