artist,song,lyrics,genres,genre_1,genre_2,genre_3
Bee Gees,Suddenly,"How can you tell by looking at me?

How can you tell you like what you see?

Suddenly, there's a boy in the rain alone

Suddenly, there's a girl in the rain alone



Oh yeah, how can you tell humans are real?

How can you tell you like what you feel?

Suddenly, there's a girl in your heart, oh boy

Suddenly, there's a boy in your heart, oh boy



Ah-ah, ah-ah-ah

Ah, ah-ah-ah

Ah-ah-ah

Ah, ah-ah-ah-ah-ah

Ah, ah-ah-ah-ah-ah



Yeah, how can you tell by looking at me?

How can you tell you like what you see?

Suddenly, there's a boy in the rain alone

Suddenly, there's a girl in the rain alone



Ah-ah, ah-ah-ah

Ah, ah-ah-ah

Ah-ah-ah

Ah, ah-ah-ah-ah-ah

Ah, ah-ah-ah-ah-ah

Ah, ah-ah-ah

Ah-ah-ah

Ah, ah-ah-ah-ah-ah

Ah, ah-ah-ah-ah-ah","disco, pop, 70s",disco,pop,70s
Bee Gees,Wouldn't I Be Someone,,"disco, pop, 70s",disco,pop,70s
The Temptations,I Can't Think Of A Thing At All,,"soul, motown, funk",soul,motown,funk
The Temptations,You Better Beware,,"soul, motown, funk",soul,motown,funk
"Earth, Wind And Fire",Let Your Feelings Show,"Woke up Sunday morning,

Feeling out of tune.

Wrapped my eyes around you,

Love came in the room.

Baby, gonna let my feelings show,

Everyday, gonna learn to love you more.



Laughing into midnight,

Lover being my guide.

We approach the morning,

Feeling good inside.

Baby, gonna let my feelings show,

Everyday, gonna learn to love you more.



Paying dues and changes,

Living day to day.

Love is necessary,

To help you find the way.

Baby, gonna let my feelings show,

Everyday, gonna learn to love you more.




[Chorus]

Try not to hide,

What you feel deep inside.

If you care, you must dare,

To be free as the air.



Fairy tales and stories,

That we fail to see.

We will tell the story,

Of reality.

Baby, gonna let my feelings show,

Everyday, gonna learn to love you more.



Tingle in our heartbeat,

Rapture on the cloud.

When softer words are spoken,

Action speaks out loud.

Baby, gonna let my feelings show,

Everyday, gonna learn to love you more.




[Chorus]

Try not to hide,

What you feel deep inside.

If you care, you must dare,

To be free as the air.","funk, soul, disco",funk,soul,disco
Barry White,"Never, Never Gonna Give You Up","Oh, baby

Oh, baby (Keep on)

Come on, baby (Keep on doin' it, right on)

Mmm, mmm, mmm (Right on doin' it)

You got it together (Baby, keep on)

Oh, you got it together, baby (Right on, keep on doin' it)

Not yet, baby, oh, not yet

Mmm, mmm (My-my baby, keep on)

I swear you got it together, baby (Keep on, keep on)



Whatever, whatever

Girl, I'll do

Forever and ever, yeah, yeah, yeah, yeah

I'll see you through



I've got to keep you pleased

In every way I can

Gonna give you all of me

As much as you can stand



Make love to you right now

That's all I want to do

I know you need it, girl

And you know I need it, too



'Cause I found

What the world is searching for

Here, right here, my dear

I don't have to look no more



And, oh, my babe

I hoped and I prayed

For someone just like you

To make me feel the way you do



Never, never gonna give you up

I'm never, ever gonna stop

Not the way I feel about you

Girl, I just can't live without you



I'm never, ever gonna quit

'Cause quittin' just ain't my stick

I'm gonna stay right here with you

Do all the things you want me to



Whatever you want

Girl, you got

And whatever you need

I don't want to see you without it



You've given me much more

Than words could ever say

And oh, my dear, I'll be right here

Until my dyin' day



I don't know just how to say

All the things I feel

I just know that I love you so

And it gives me such a thrill



'Cause I found

What this world is searching for

Here, right here, my dear

I don't have to look no more



And all of my days

I hoped and I prayed

For someone just like you

To make me feel the way you do



I'm never, never gonna give you up

I'm never, ever gonna stop

Stop the way I feel about you

Girl, I just can't live without you



I'm never, ever gonna quit

'Cause quittin' just ain't my stick

I'm gonna stay right here with you

Do all the things you want me to



Oh, I'm never gonna give you up

I'm never, ever gonna stop

All the things I feel about you

Girl, I just can't live without you



I'm never, ever gonna quit

'Cause quittin' just ain't my stick

I'm gonna stay right here with you

Do all the things you want me to","soul, 70s, funk",soul,70s,funk
Diana Ross,Can I Go On?,"Lose it?

Lose it?

I don't even know the first thing

About what they're feeling

What am I afraid of?

Don't know what I'm made of

Can I go on

Not knowing?



Feeling?

Feeling?

Something tells me

That it's more than I can deal with

Though I never knew the song

Some words still catch on

Like caring and sharing

Being together no matter



Can I go on

Not knowing?

Don't know what I'm made of

Why am I afraid of feeling?

Feeling?

If I dare to take a chance

Would someone lead me?","the wiz, soul, disco",the wiz,soul,disco
Diana Ross,It's Hard For Me To Say,"Didn't know 'till today

That you would love for me to say

All of the things I feel

Though you don't doubt they're real



Insecure, very shy

Are the only reasons I have why

I never say the things that

You would love to hear

All the words I try

Disappoint me and I cry

So they're words I don't often say



But it's in my love, it's in my feeling

It's in the very same heart

That loved you from the start

It's in my heat, it's in the spirit

And it's got me totally high

It's just hard me to say why



Kind of sad, kind of blue

Because I wanted to tell you

That you are in my heart

Though we are far apart

Didn't know how to say

All the little things to make you stay

And not to keep assuming

You could read my mind



You're the one I love

Though it's hard for you to know

'Cause the words I don't always say



But it's in my love, it's in my feeling

It's in the very same heart

That loved you from the start

It's in the heat, it's in the spirit

And it's got me totally high

It's just hard me to say why



It's hard for me","soul, pop, influential",soul,pop,influential
Diana Ross,Strange Fruit,"Southern trees bear a strange fruit

Blood on the leaves and blood at the roots

Black bodies swingin' in the southern breeze

Strange fruit hangin' from the poplar trees



Pastoral scene of the gallant south

The bulging eyes and twisted mouth

Scent of magnolias sweet and fresh

And the sudden smell of burning flesh



Here is the fruit

For the crows to pluck

For the rain to gather

For the wind to suck

For the sun to rot

For the tree to drop



Here is a strange and bitter crop","soul, disco, pop",soul,disco,pop
K.C. And The Sunshine Band,Get Down Tonight,"Baby, baby, let's get together

Honey, honey, me and you

And do the things, ah, do the things

That we like to do



Oh, do a little dance, make a little love

Get down tonight, get down tonight

Do a little dance, make a little love

Get down tonight, get down tonight



Baby, baby, I'll meet you

Same place, same time

Where we can get together

And ease up our mind



Oh, do a little dance, make a little love

Get down tonight, whoo, get down tonight, hey

Do a little dance, make a little love

Get down tonight, get down tonight, baby



Oh, do a little dance, make a little love

Get down tonight, whoo, get down tonight, hey

Do a little dance, make a little love

Get down tonight, whoo, get down tonight, baby



Get down, get down



Get down, get down, get down, get down, get down tonight baby

Get down, get down, get down, get down, get down tonight baby

Get down, get down, get down, get down, get down tonight baby

Get down, get down, get down, get down, get down tonight baby

Get down, get down, get down, get down, get down tonight baby

Get down, get down, get down, get down, get down tonight baby",,,,
Donna Summer,I Believe (in You),"I believe in you

If you believe in me

And I believe that faith and hope and love brings harmony

United once again

We'll stand there hand in hand

And put love back together just the way



I believe in you

If you believe in me

And I believe that faith and hope and love brings harmony

United once again

We'll stand there hand in hand

And put love back together just the way we've always planned



I still remember how it used to be

Seclusion in our love so deep

A world to touch that meant so much to me

And promises we couldn't hope to keep



The cool romance and nights of ecstasy

Slip slowly by on paper wings

The cold reality of you and me

Came creeping like a storm cloud gathering



I believe in you

If you believe in me

And I believe that faith and hope and love brings harmony

United once again

We'll stand there hand in hand

And put love back together just the way we've always planned



The balance of our love hangs tenderly

A careful step through broken glass, yeah

One thoughtless word could kill a memory

And days we loved together in the past



I give and take I do my very best

To keep this vision that I've seen

I give respect if you could just accept

There never really was a perfect me



I believe in you

If you believe in me

And I believe that faith and hope and love brings harmony

United once again

We'll stand there hand in hand

And put love back together just the way we've always planned



You walk away and see yourself in retrospect

Remember all of love's first visions

Step aside try to see just what went wrong

Living together isn't easy all the time



I believe in you if you believe in me, oh

There's still the chance that we can find romance, yeah

I know we can



I believe in you

If you believe in me

And I believe that faith and hope and love brings harmony

United once again

We'll  stand there hand in hand

And put love back together just the way we've always planned

I believe in you, if you believe in me

I believe in you, I believe in you...

United undivided...",,,,
Donna Summer,The Power Of One,"You must always remember



Life can be a challenge

Life can seem impossible

It's never easy

When so much

Is on the line

But you can make a difference

With courage

You can set things right

A gift to dream

And make dreams real

Is yours and mine



The power of one

Begins with believing

It starts in the heart

Then flows through the soul

And changes the world

Imagine how life will be

When we stand in unity

Each of us holds the key

To the power of one



Each of us is chosen

There's a mission just for you

Just look inside

You'd be surprised what you can do



The Power of one

Begins with believing

It starts in the heart

Then flows through the soul

And changes the world

Imagine how life will be

When we stand in unity

Each of us holds the key

To the power of one



One by one

We can make the world

A much better place



The power of one

Begins with believing

It start in the heart

Then flows through the soul

And changes the world

Imagine how life will be

When we stand in unity

Each of us holds a key

It's inside of you and me

Each of us holds the key

To the power of one



The power of one","disco, pop, 70s",disco,pop,70s
The Isley Brothers,I Know Who You Been Socking It To,,"soul, funk, motown",soul,funk,motown
Chic,Dance With Me (Feat. Hailee Steinfeld),,"disco, funk, soul",disco,funk,soul
Grace Jones,Vamp,,"disco, new wave, pop",disco,new wave,pop
Sylvester,I (who Have Nothing),"I, I who have nothing

I, I who have no one

Adore you and want you so

I'm just a no one with nothing to give you but, oh

I love you



He, he buys you diamonds

Bright, sparkling diamonds

But, believe me, dear, when I say

That he can give you the world but he'll never love the way

I love you



He can take you any place he wants

To fancy clubs and restaurants

But I can only watch you with

My nose pressed up against the window pane



I, I who have nothing

I, I who have no one

Must watch you go dancing by

Wrapped in the arms of somebody else when, darling, it's I

Who loves you



I love you

I love you

I love you","disco, 70s, pop",disco,70s,pop
Sia,Butterflies,"We've been to the top, we've been to the bottom 

We've known everything and forgotten, yeah 



You've kicked me around, you've wrapped me in cotton 

You've carried our load, and you've shot 'em 



Oh yes the butterflies are still there 

Oh yes the butterflies are still there 



We've argued by the baggage claim 

We've accepted and we've laid blame 

We've drank Sangthip in monsoonal rain 

We've felt separate and felt the same 



Oh yes the butterflies are still there 

Oh yes the butterflies are still there 

Oh yes the butterflies are still there 

Oh yes the butterflies are still there 



We've shared joy and we've shared pain 

We've shared guilt and we've shared shame 

We've bought into the stupid games 

We've freed each other and we laid claim 



Oh yes the butterflies are still there 

Oh yes the butterflies are still there 

Oh yes the butterflies are still there 

Oh yes the butterflies are still there 



Because we came from the same cocoon","female vocalists, indie, chillout",female vocalists,indie,chillout
Sia,Rewrite,"You don't know me 

You can't hold me 

I'll slip through your hands 

I am one single grain of sand 



You are free to love 

Happily received 

You are free to love 

If that is all you need 



I'm an empty space 

I can't be replaced 

So when you're finished with this dream 

Delete begin to rewrite me 



You are free to love 

Happily received 

You are free to love 

If that is all you need 



You are free to love 

Happily received 

You are free to love 

If that is all you need 



You are free to love 

Happily received 

You are free to love 

Delete and rewrite me","female vocalists, indie, chillout",female vocalists,indie,chillout
Ellie Goulding,Fall Into The Sky,,"love, electronic, female vocalists",love,electronic,female vocalists
Vintage Culture,In The Dark,"Oceans in between us couldn't keep us apart

Mountains in the distance couldn't bury our love

I would search for every stream of every single river

'Cause I know how it feels

And it's real



Must be something in my heart that beats for you

And when it's gets dark, it guides me through

Even when I'm lost, the magnet shows me where you are

'Cause I've got a compass heart



Ooh, I've got a compass heart

And in the dark

Yeah, it shows me where you are



Ooh, I've got a compass heart

And in the dark

Yeah, it shows me where you are



Closer than the feelings flowing in my veins

And the oxygen in every breath I take

Signals never fade and like a flare when I'm in danger

Always saving me, endlessly



Cause there's something in my heart that beats for you

And when it's gets dark, it guides me through

Even when I'm lost, the magnet shows me where you are

'Cause I've got a compass heart



Ooh, I've got a compass heart

And in the dark

Yeah, it shows me where you are



Ooh, I've got a compass heart

And in the dark

Yeah, it shows me where you are



No matter how long it takes, no matter how far away

No matter how long it takes, no matter how far away

No matter how long it takes, it takes, it takes, it takes, it takes...

Ooh, I've got a compass heart



No matter how long it takes, no matter how far away

I would always get to you

No matter how long it takes, just know that I'll find a way

'Cause I've got a compass heart","house, brazil, deep house",house,brazil,deep house
Tove Lo,Perfect Loop,"I wear my heart on my sleeves so he knows how I feel

Whatever he believes I'm in it for real 

He questions everything, I wanna make him feel safe

Take him under my wing, that's his favourite space 



Because you know that we were in a perfect loop 

I don't wanna lose this, lose this feelin' with you 

We're in a perfect loop, I don't wanna break it down 

We're in a perfect loop, totally perfection the sound and the beat of our hearts 

We're in a perfect loop, and I don't wanna break it down 



He's always watching me with a hint of a smile 

And he will let me breath without asking me why 

Gets me out of the dark, I've always laughed at his jokes 

I guess we have that spark and now we already know 



Yeah, you know that we were in a perfect loop

I don't wanna lose this, lose this feelin' with you

We're in a perfect loop, and I don't wanna break it down 

We're in a perfect loop, totally perfection the sound and the beat of our hearts 

We're in a perfect loop, and I don't wanna break it down 

(Don't break it down)



Don't don't break it down

Don't break it down

Don't don't break it down



Don't don't break it down

Don't break it down

Don't don't break it down



We're in a perfect loop and I don't wanna lose this, lose this feelin' with you 

We're in a perfect loop, I don't wanna break it down, no

We're in a perfect loop, totally perfection the sound and the beat of our hearts 

We're in a perfect loop, and I don't wanna break it down



Don't break it down

Don't break it down

Don't break it down","unreleased, tove lo, pop",unreleased,tove lo,pop
Daft Punk,One More Time / Aerodynamic,,"electronic, house, dance",electronic,house,dance
t.A.T.u.,All My Love,"Love me for who I am

Love me for who I am

Love me for who I am

I'm yours



Love me for who I am

Love me for who I am

Love me for who I am

I'm yours



I regret what I said

I was scared and upset

And I've made a mistake

I accept all the blame

And I lied

Sorry, forgive me

Please



And I know I betrayed

Every fault that I made

And the pain that I caused

All the promises lost

Yes I lied

Sorry, forgive me



Won't you please just love me

And hold me

And tell me you forgive me

Love me and hold me

I'm sorry

Won't you please forgive...



Love me for who I am

Love me for who I am

Love me for who I am

I'm yours



Love me for who I am

Love me for who I am

Love me for who I am

I'm yours



I regret what I said

I was scared and upset

And I've made a mistake

I accept all the blame

And I lied

Sorry, forgive me

Please



And I know I betrayed

Every fault that I made

And the pain that I caused

All the promises lost

Yes I lied

Sorry, forgive me



Won't you please just love me

And hold me

And tell me you forgive me

Love me and hold me

I'm sorry

Won't you please forgive...","pop, russian, female vocalists",pop,russian,female vocalists
Bruno Martini,Somewhere To Go (Feat. Stryder),,"electronic, brazilian, brazil",electronic,brazilian,brazil
Massive Attack,Protection,"This girl I know needs some shelter

But she don't believe anyone can help her

She's doing so much harm, doing so much damage

But you don't wanna get involved

You tell her she can manage

And you can't change the way she feels

But you could put your arms around her

I know you wanna live yourself

But could you forgive yourself

If you left her just the way you found her?



I stand in front of you

I'll take the force of the blow

Protection

I stand in front of you

I'll take the force of the blow

Protection



You're a boy and I'm a girl

But you know you can lean on me

And I don't have no fear

I'll take on any man here

Who says that's not the way it should be?



And I'll stand in front of you

I'll take the force of the blow

Protection

I'll stand in front of you

I'll take the force of the blow

Protection



She's a girl and you're a boy

But sometimes you look so small, you look so small

You got a baby of your own

And when your baby's grown, she'll be the one

To catch you when you fall



And I'll stand in front of you

I'll take the force of the blow

Protection

I'll stand in front of you

I'll take the force of the blow

Protection



You're a girl and I'm a boy

You're a girl and I'm a boy, yeah

You're a girl and I'm a boy

You're a girl and I'm a boy, yeah



But sometimes you look so small, you need some shelter

You're just runnin' 'round and 'round, helter skelter

And I've leaned on you for years, now you can lean on me

And that's more than love, that's the way it should be

Now, I can't change the way you feel

But I could put my arms around you

That's just part of the deal, that's the way I feel

I'll put my arms around you



I stand in front of you

I'll take the force of the blow

Protection

I stand in front of you

I'll take the force of the blow

Protection



You're a boy and I'm a girl

You're a boy and I'm a girl, yeah

You're a boy and I'm a girl

You're a boy and I'm a girl, yeah","trip-hop, lush, chillout",trip-hop,lush,chillout
Benny Benassi,Every Single Day,,"electronic, house, dance",electronic,house,dance
Björk,Cosmogony,,,,,
Björk,There's More To Life Than This,,,,,
The Prodigy,Rock 'n' Roll,,"electronic, techno, industrial",electronic,techno,industrial
Owl City,Dementia (Feat. Mark Hoppus),,,,,
M.I.A.,Borders,"Freedom, 'I'dom, 'Me'dom

Where's your 'We'dom?

This world needs a brand new 'Re'dom

We'dom - the key

We'dom the key'dom to life!

Let's be 'dem

We'dom smart phones

Don't be dumb!



Borders (What's up with that?)

Politics (What's up with that?)

Police shots (What's up with that?)

Identities (What's up with that?)

Your privilege (What's up with that?)

Broke people (What's up with that?)

Boat people (What's up with that?)

The realness (What's up with that?)

The new world (What's up with that?)

Am gonna keep up on all that



Guns blow doors to the system

Yeah fuck 'em when we say we're not with them

We solid and we don't need to kick them

This is North, South, East and Western


[x2]



Queen (What's up with that?)

Killing it (What's up with that?)

Slaying it (What's up with that?)

Your goals (What's up with that?)

Being bae (What's up with that?)

Making money (What's up with that?)

Freaking internet (What's up with that?)

Love wins (What's up with that?)

Living lil (What's up with that?)

Being lil (What's up with that?)



Guns blow doors to the system

Yeah fuck 'em when we say we're not with them

We solid and we don't need to kick them

This is North, South, East and Western


[x2]



We representing peeps, they don't play us on the FM

We talkin' in our sleep, they still listen on the system

We sittin' on a stoop

Where we get our scoop

This is how we keep it cool

This is how we do


[x2]



Egos (What's up with that?)

Your values (What's up with that?)

Your beliefs (What's up with that?)

Your families (What's up with that?)

Histories (What's up with that?)

Your future (What's up with that?)

My boys (What's up with that?)

My girls (What's up with that?)

Freedom (What's up with that?)

Your power (What's up with that?)



Guns blow doors to the system

Yeah fuck 'em when we say we're not with them

We solid and we don't need to kick them

This is North, South, East and Western


[x2]



We representing peeps, they don't play us on the FM

We talkin' in our sleep, they still listen on a system

We sittin' on a stoop

Where we get our scoop

This is how we keep it cool

This is how we do


[x2]



Gonna keep up on all that

Gonna be doing it like that

Gonna keep up on all that

Gonna be doing it like that

Like that","electronic, hip-hop, female vocalists",electronic,hip-hop,female vocalists
Hooverphonic,Anger Never Dies,"See the leaves how slow they tumble down

Covering the green and yellow lawn

As proof of what has been and what will come

Enjoying hazy light of early dawn



It ain't good enough, good enough

Good enough to try and not succeed

Succeed



Anger never dies

It's part of life, it's part of you

The end will cease the fire

And make us accept we tend to lose



See the tears how slow they tumble down

Covering who believes in empty vows

As proof of what has been and what will be

Alcohol puts us both to sleep



It ain't good enough, good enough

Good enough to try and not succeed

Succeed



Anger never dies

It's part of life, it's part of you

The end will cease the fire

And make us accept we tend to lose



Anger never dies

It's part of life, it's part of you

The end will cease the fire

And make us accept we tend to lose



Anger never dies

It's part of life, it's part of you

The end will cease the fire

And make us accept we tend to lose



We tend to lose",,,,
Hooverphonic,Tomorrow,"It all comes down to winning but defeat is no shame

and why do you lose interest when there's nothing more to gain

because evil attracts but our love will be a fact

tomorrow



because time is up

and so are we

but still there's a chance to avoid defeat

tomorrow



just a little more effort do try to succeed

there's nothing in life that's impossible to beat

because evil attracts but our love will be a fact

tomorrow","trip-hop, electronic, chillout",trip-hop,electronic,chillout
The Chemical Brothers,Shake Break Bounce,,"electronic, big beat, dance",electronic,big beat,dance
Kraftwerk,Dentaku,"Bokuwa ongakuka

Dentaku katateni

Tashitari

Hiitari

Sousashite

Sakkyoku suru

Kono botan oseba

Ongaku kanaderu","electronic, synthpop, german",electronic,synthpop,german
Above & Beyond,13 Voices,,"trance, progressive trance, vocal trance",trance,progressive trance,vocal trance
deadmau5,"Beautiful, Rich And Horny",,"progressive house, house, electronic",progressive house,house,electronic
3OH!3,Make It Easy,"There's a shadow on my head

There's a monster who lives under my bed

I could really use a light now, right now

That burns so bright until I'm dead.

There's a snow storm in my heart

There's an army of women tryin'a rip it apart

I could really use a getaway right away

So they could watch the tail lights fade in the dark.



If I fall apart

Take me to the start

So far it's been dark

It shouldn't be that hard



But suddenly the light is shining right in front of me

Tryin'a steal it from the sky before it leaves

Struggling is something that we shouldn't have to do

Just relax and take a breath and make it easy

Make it easy

Make it easy



There's a car crash in my eyes

There's a drunk man in my head telling me lies

I could really use some medicine to go again

But the lows get lower every time I go dry



There's a land mine in my lungs

There's a razor blade in my mouth under my tongue

I could really use an alibi right now

Cuz the city is alive and the night is still young



If I fall apart

Take me to the start

So far it's been dark

It shouldn't be that hard



But suddenly the light is shining right in front of me

Tryin'a steal it from the sky before it leaves

Struggling is something that we shouldn't have to do

Just relax and take a breath and make it easy

Make it easy

Make it easy



If I fall apart

Take me to the start

(Make it easy)

So far it's been dark

It shouldn't be that hard



I guess I could have held you

Cuz when I fell, I fell hard

And now I'm ready for it

Yeah all I really need's a start



Make it easy

Make it easy



If I fall apart

Take me to the start

(Make it easy)

So far it's been dark

It shouldn't be that hard

(Make it easy)","electronic, pop, electro pop",electronic,pop,electro pop
Cobra Starship,Keep It Simple,"I've seen the future

So I already know

Baby you've been let down

You can't take anymore



You hear that I'm untrue

But you've been around too

I don't hide it from you



I know that you're needy

Baby, take it easy

And we can make all our dreams come true

If you...



I'm down if you don't expect any more from me

I ain't got much for you

It's all right

If you wanna get down

Keep it simple, now 
[x2]



Time keeps slipping us by

When we're alone

Music makes me get high

We're getting down on the floor



Let this groove just take you

Make your booty shake too

Just show me what you can do

I know that you're needy

Baby, take it easy

We can make all our dreams come true

If you...



I'm down if you don't expect any more from me

I ain't got much for you

It's all right

If you wanna get down

Keep it simple, now 
[x2]



How do you feel?

Do you feel all right? 
[x4]



I'm down if you don't expect any more from me

I ain't got much for you

It's all right

If you wanna get down

Keep it simple, now 
[x2]","alternative, indie rock, pop punk",alternative,indie rock,pop punk
Nicky Romero,I See,"You, you're all I need

You, you're all I see when I close my eyes and dream

You're all I see

You, you're all I need, all I need, all I need



You, you're all I need

You, you're all I see when I close my eyes and dream

You're all I see

You, you're all I need, all I need, all I need



You, you're all I need

You, you're all I see when I close my eyes and dream

You're all I see

You, you're all I need, all I need, all I need","house, electronic, electro house",house,electronic,electro house
Jean-Michel Jarre,Glory (With M83),,"electronic, ambient, new age",electronic,ambient,new age
Ladytron,Amtv,"Films will come and films will go,

that kiss on your neck won't show.



Posing at the same place everytime,

When you're still speaking in the sunshine.



Watching T.V. at 4 am.

But that's not when she needs a friend.

Staring at the bathroom floor.

Please don't say you've got to go.



Posing at the same place to put things right.

In your eyes, we're meeting in the morning light.



You've done it again, you've done it before.

That kiss on your neck won't show.



Watching T.V. at 4 am.

But that's not when she needs a friend.

Staring at the bathroom floor.

Please don't say you've got to go.



Watching T.V. at 4 am.

But that's not when she needs a friend.

Loose change from your pocket on the floor.

Please don't say you've got to go.



Cheap thrills that this time I clasp.

Cheap thrills that you'll dream about.



You've done it again, you've done it before.

That kiss on your neck won't show.



Watching T.V. at 4 am.

But that's not when she needs a friend.

Staring at the bathroom floor.

Please don't say you've got to go.



Watching T.V. at 4 am.

But that's not when she needs a friend.

Loose change from your pocket on the floor.

Please don't say you've got to go.



(Level won!)","electroclash, electropop, electronic",electroclash,electropop,electronic
LCD Soundsystem,Pow Pow,"From this position

I will relax

From this position

I can see the whole place

From this position

Oh, oh just relax

From this position

I make some stand

I make my peace with the man



And it goes pow

Pow, pow, pow, pow

Pow, pow, pow, pow

It goes pow

Pow, pow, pow, pow

Pow, pow, pow, pow



From this position

I can see both of them

From this position

I totally get how the decision was reached

From this position

I can say ""serious,"" or ""cop-out,"" or ""hard-to-define""

From this position, from this position

It's kind of like eating myself to death



With you on the outside

And me on the inside

There's advantages to both

(Advantages to both!)

And me being uptight

And you being all right

There's advantages to each

(Advantages! Advantages!)



From this perspective, from this position

I have a good grip on both of them

Because I have stayed home

And have learned a little more about my neighbourhood

Which is important

You know, there's a lot of good places to eat



So it goes pow, pow, pow, pow, pow

Pow, pow, pow, pow

Pow, pow, pow, pow, pow

Pow, pow, pow, pow

So it's pow

Pow, pow, pow, pow

Pow, pow, pow, pow

It goes pow

Pow, pow, pow, pow

Pow, pow, pow, pow



With you on the keystroke

And me on the gangplank

There's advantages to both

(Advantages to both)

And you have been all right

And I have been filmed being ridiculous

Oh, eat it, Michael Musto

(You're no Bruce Vilanch!)

Now I have been untied

And you are all cross-eyed

There's advantages to each

(Advantages to each)

And I'm coming back, coming back, coming back

Until there's nothing left in the well

Is that what they call it, the well?



I'm paralyzed

And looking through you

But if nothing's right

We try anyway

As a compromised, aggregate person

I'm amazed at my decision to play



On this occasion, there are a couple of things that we know that we pulled from Fact Magazine

One, the king wears a king hat and lives in a king house

Two, your time will come, but tonight is our night

So you should give us all of your drugs

Three, we have a black president and you do not, so shut up, because you don't know shit about where I'm from that you didn't get from TV

So times have been tough

And times have been tough

You have been put down, washed up, and rinsed out

But honestly

And be honest with yourself

How much time do you waste?

How much time do you blow every day?



And so it's pow

Pow, pow, pow, pow

Pow, pow, pow, pow

Oh, pow

Pow, pow, pow, pow

Pow, pow, pow, pow

So pow

Pow, pow, pow, pow

Pow, pow, pow, pow

Pow

Pow, pow, pow, pow

Pow, pow, pow, pow

(The return of the police!)

(The return of the police)



With you on the inside

And me on the outside

There's advantages to both

(Advantages to both!)

With me being wired

And you being tired

There's advantages to each

(Advantages! Advantages!)



From this position

I feel an affinity for the both of them, which is confusing

But honestly

I should be careful because otherwise, I'm being, I'm being, you know, what's it called?

Oh, fuck it

Reclining, I'm getting used to it

Like kissing under a bridge

It's an entirely new

Discovery, discovery, discovery, discovery, discovery, discovery, discovery, discovery

And then a couple of weeks at home

And then a couple of weeks away

And then home and away, again

To use up your desire for

Discovery, discovery, discovery, discovery, discovery, discovery, discovery



For an instant

You could have pushed through

But it's a plagiarized

Regret anyway

But what you want for now

Is someone to feel you

And that's the thing you like

Is planning to stay

And all this time

It's so nice

It's so nice

It's so nice

(The return of the police!)","poptron, electronic, indie",poptron,electronic,indie
Mashup,Queen Vs. Outkast - Hey We Will Rock You Ya,,"mashup, mashup for princess, trance",mashup,mashup for princess,trance
Hot Chip,Melody of Love,"Have you left space for me in this life?

'Cos there are voids into which we cannot dream in this life



All you need to hear is moving in the air

All you need is here, it's moving in the air

All you need to hear is moving in the air

All you need to hear, beyond the blue despair



When I was standing next to you

I overheard the saddest news

What was just there was out of view

Running out of love

I always seem to hesitate

Too little always comes too late

There is a sound that resonates

A melody of love



Melody of love

Melody of love



Do you have faith to feel in this world?

'Cos it gets hard to see in this world



All you need is here, it's moving in the air

All you need to hear, beyond this blue despair

Every day begins just like a morning prayer

We're trying to resist what we're hearing in the air



When I was standing next to you

I overheard the saddest news

What was just there was out of view

Running out of love

I always seem to hesitate

Too little always comes too late

There is a sound that resonates

A melody of love



Melody of love

Melody of love

Melody of love

Melody of love","indietronica, personal favourites, electronic",indietronica,personal favourites,electronic
Neon Hitch,Dreamer,,,,,
Miike Snow,No Starry World,"You canât feel it the old magic

You keep selling drugs for lesser kind of addicts,

Lesser kind of addicts



Its so sweet and synthetic

Youâre at Charles de Gaulle with dumbbells in your baggage

Dumbbells in your baggage



Miles Standish was not a hero

He just talked fast when it fell below zero

Fell below zero



Say anything, I say anything,

Pay anything not to be pressed for survival

Donât press me for survival



Sell me no

Starry world

Sell me no

Starry world



But I tried

No starry world

Youâll never know how I tried

I tried

No starry world

Youâll never know how I tried",,,,
Basement Jaxx,Don't Give Up,"Don't give up

Don't pull the craks in your mind apart

When everything breaks down... so tired

Don't give up, so choked by analysis

When feed on bitterness?... so tired

Don't give up",,,,
Enter Shikari,Sssnakepit,"Come and join the party, leave anxieties behind

When the weight of all the world is pushing down.

Nah nah nah cut this tension mate it's too much.



Situation volatile, seriously hostile

Breadwinners,

Soul searchers,

Fear merchants,

Seeking.

Brightly colored, no use for camouflage,

When you're venomous and willing to sabotage.

We're just a group of your white blood cells

Fighting off parasites

We're your system mechanics

Trying to fix this machine

What's the one thing that has

More speed, more strength,

And goes deeper than us?

A nuclear submarine.



Ah come on just open the door!



Knocked off my feet by the backdraft

Brought back to earth

Oxygen clears my head

And I just gotta say

Oh you're not gonna believe this

You can't perceive this

This is like nothing you've seen before

But lucky for you

Yea lucky for you

This is an open door



Come and join the party, leave anxieties behind

When the weight of all the world is pushing down.

Down on your shoulders

Come and join the party, leave anxieties behind

When the weight of all the world is pushing down

Just push right back!



Oh you're not gonna believe this

You can't perceive this

This is like nothing you've seen before

But lucky for you

Yea lucky for you

They're well preparedâ¦ but they forgot one thing

Yea yea we're nice guysâ¦ until we're not!



Come and join the party, leave anxieties behind

When the weight of all the world is pushing down

Down on your shoulders

Come and join the party, leave anxieties behind

When the weight of all the world is pushing down

Just push right back!



Come and join the party, leave anxieties behind

When the weight of all the world is pushing down

Come and join the party, leave anxieties behind

When the weight of all the world is pushing down

Just push right back!

Just push right back!

Just push right back!",,,,
Oh Land,Machine,"You know I feel like Iâm just a circuit

But thereâs no use without the part

And all the ticking sounds around you

Thatâs the beating of my heart

All the wires feed me dreams I thought I never had




[Chorus:]

Itâs my world today

I donât have to stay

Break from the machine

Not that far away

I donât have to stay

Break from the machine



Learn the rhythm from the silence

A little fire sparks would fall

And your electric riversâ flowing

Thereâs no way around the storm

All the wires feed me dreams I thought I never had




[Chorus]



More than numbers

Out of order

Reaching over and over above them

Indestructible tiny blossoms

Keep them coming

Theyâre coming, theyâre coming




[Chorus]","electronic, female vocalists, danish",electronic,female vocalists,danish
Showtek,Booyah (feat. We Are Loud & Sonny Wilson),,"party, house, electronic",party,house,electronic
Eric Saade,Love Is Callin',,"pop, swedish, male vocalists",pop,swedish,male vocalists
Brokencyde,Honey Hungry Hoe,,,,,
Flunk,Love Hearts,,"trip-hop, chillout, lush",trip-hop,chillout,lush
Black Veil Brides,A Devil For Me,"Well now is the time to say your prayers

And now is the time to show your stuff

Cause' people talk but people separate

It's the same damn excuse when danger is headed your way



You talk the talk but do you walk the walk?

Your apathy is just a living flaw, you pull the trigger

Count 1,2,3 it's a finger flip for you...

And a devil for me



A wedding of the damned

This razor cuts the pain right out, we're bound until the end

My Love



You acted first you could have walked away,

With broken parts and things you can't replace.

You pull the trigger

Count 1, 2, 3 its an ""Antichrist"" for you... fallen angel for me



A wedding of the damned

This razor cuts the pain right out, we're bound until the end

My Love



A wedding of the damned

This razor cuts the pain right out, we're bound until the end

My Love","post-hardcore, screamo, black veil brides",post-hardcore,screamo,black veil brides
Sleeping With Sirens,A Trophy Father's Trophy Son,"Father, father, tell me where have you been?



It's been hell not having you here

I've been missing you so bad

And you don't seem to care 

When I go to sleep at night, you're not there

When I go to sleep at night, do you care?



Do you even miss us?

Your bottles, your mistress

I need to know, I need to know



Why are you walking away?

Was it something I did? Did I make a mistake?

'Cause I'm trying to deal with the pain

I don't understand this, is this how it ends?



I will try to understand

(Father, father, father)



Father, father, tell me where are you now?

It's been hell not having you

Last thing I heard, you were fed up

You're skipping town with no note telling where 

When I go to sleep at night, you're not there

When I go to sleep at night, do you care?



I need to know, I need to know



Why are you walking away?

Was it something I did? Did I make a mistake?

'Cause I'm trying to deal with the pain

I don't understand this, is this how it ends? 

Why are you running away?

I don't understand this, is this how it ends?

Why are you running away?

Tell me please, tell me please, I need to know



Is this what you call a family?

Is this what you call a family?

Is this what you call a family?

Is this what you call a family?



It's been seven years wishing that you'd drop a line (Is this what you call a family?)

But I carry the thought along with you in my mind (Is this what you call a family?)

Is this what you call a family? (Is this what you call a family?)

Is this what you call a family? (Is this what you call a family?)

Family!



Why are you walking away?

Was it something I did? Did I make a mistake?

'Cause I'm trying to deal with the pain

I don't understand this, is this how it ends? 

Why are you running away?

I don't understand this, is this how it ends?

Why are you running away?

Tell me please, tell me please, I need to know



Is this what you call a family?

Is this what you call a family?

Is this what you call a family?

Is this what you call a family?","post-hardcore, alternative rock, sleeping with sirens",post-hardcore,alternative rock,sleeping with sirens
Escape The Fate,Bad Blood,"Yeah!




[Verse 1:]

I feel there's something that's hidden inside

It creeps up my spine and takes over my mind

I can't control it no

I think I'm losing control




[Pre Chorus:]

You just don't get it do you

I'm not stuck here with you

You're stuck in here with me (you're stuck in here with me)

You just don't get it do you

I'm not stuck here with you

You're stuck in here with me (you're stuck in here with me)




[Chorus:]

One more word and we'll cut out your eyes

One more time left to say your goodbyes (so say em)

We can't, we cannot stop the growth

We can't, we cannot stop the




[Verse 2:]

The candlelight melts all my shadows away

Thanks for the hate cause its fueling my flames

You can't control us no

I think you're losing control




[Pre Chorus 2:]

You just don't get it do you

I'm not stuck here with you

You're stuck in here with me (stuck in here with me)

You just don't get it do you

I'm not stuck here with you

You're stuck in here with me (stuck in here with me)




[Chorus:]

One more word and we'll cut out your eyes

One more time left to say your goodbyes (so say em)

We can't, we cannot stop the growth

We can't, we cannot stop the growth



One more word

One more time left to say your goodbyes (so say em)

We can't, we cannot stop the growth

We can't, we cannot stop the growth



No!




[Breakdown:]

You just don't get it do you

I'm not stuck here with you

You're stuck in here with me (stuck in here with me)



You just don't get it do you

I'm not stuck here with you

You're stuck in here with me (stuck with me)




[Chorus:]

One more word and we'll cut out your eyes

One more time left to say your goodbyes (so say em)

We can't, we cannot stop the growth

We can't, we cannot stop the growth!","post-hardcore, screamo, emocore",post-hardcore,screamo,emocore
The Used,Devil Beside You,,"emo, screamo, rock",emo,screamo,rock
The Used,Vertigo Cave,,"rock, pop, emo",rock,pop,emo
Dashboard Confessional,The Best Deceptions,"I heard about your trip

I heard about your souvenirs

I heard about the cool breeze, in the cool nights

And the cool guys that you spent them with

Well I guess I should have heard of them from you

I guess I should have heard of them from you



Don't you see, don't you see, that the charade is over?

And all the ""Best Deceptions"" and ""Clever Cover Story"" awards go to you

So kiss me hard 'cause this will be the last time that I let you

You will be back someday and this awkward kiss that tells of other people's lips will be of service to keeping you away



I heard about your regrets

I heard that you were feeling sorry

I heard from someone that you wish you could set things right between us

Well I guess I should have heard of that from you

I guess I should have heard of that from you



Don't you see, don't you see, that the charade is over?

And all the ""Best Deceptions"" and ""Clever Cover Story"" awards go to you

So kiss me hard 'cause this will be the last time that I let you

You will be back someday and this awkward kiss that screams of other people's lips will be of service to keeping you away. To keeping you away



I'm waiting for blood to flow to my fingers

I'll be all right when my hands get warm.Ignoring the phone

I'd rather say nothing. I'd rather you'd never heard my voice

You're calling too late too late to be gracious you do not warrant long goodbyes

You're calling too late you're calling too late you're calling too late","acoustic, rock, indie",acoustic,rock,indie
AFI,Fallen Like The Sky,"Flee today with me and we can hide

Until they want you



Where the strange creatures play

Mystic games of strength, disassociate

Seal my fate, seal my, seal your

Until they eat their own young



This is a lonely war tonight and I'm forsaken

Are you a lonely one, too?

This is a lonely war tonight, we're soldiers breaking

They were the lonely ones too



Leave your stain and laugh

My wounds innate

Leave like they all do



We the strange creatures play

Endless games of fate we the reprobate

Seal our fate, seal our, seal your

'Til we eat our own young



This is a lonely war tonight and I'm forsaken

Are you a lonely one, too?

This is a lonely war tonight, we're soldiers breaking

They were the lonely ones too","rock, pop, alternative",rock,pop,alternative
AFI,The Leaving Song Pt.2,"Don't waste your touch, you won't feel anything

Or were you sent to save me?

I've thought too much, you won't find anything

Worthy of redeeming



Yo he estado aquÃ­ muchas veces antes y regresÃ³



To break down, and cease all feeling

Burn now, what once was breathing

Reach out, and you may take my heart away



Imperfect cry, and scream in ecstasy

So what befalls the flawless?

Look what I've built (please don't do this)

It shines so beautifully (why won't you look at me)

Now watch as it destroys me



Y regreso aquÃ­ otra vez y comienzo



To break down, and cease all feeling

Burn now, what once was breathing

Reach out, and you may take my heart away



Break down, and cease all feeling

Burn now, what once was breathing

Reach out, and you may take my heart away



I left it all behind, and never said goodbye

I left it all behind, and never said goodbye

I left it all behind, and never said goodbye

I left it all to die



I saw its birth, I watched it grow

I felt it change me

I took the life, I ate it slow

Now it consumes me



Break down, and cease all feeling

Burn now, what once was breathing

Reach out, and you may take my heart away



Break down, and cease all feeling

Burn now, what once was breathing

Reach out, and you may take my heart away

Heart away",,,,
Funeral For A Friend,Monter's Ball,,"post-hardcore, emo, rock",post-hardcore,emo,rock
Blessthefall,Carry On,"Your pessimism is drowning me out.

I keep on screaming but you're holding me under!

I tried so hard to get it through to you.

You think you're better than everyone else.



Don't act so desperate.

It's time to get over yourself,

it's time to get yourself,

and you look so miserable.

It's time to get over yourself,

it's time to get over yourself!



You're not worth my time,

you're so full of shit.

Don't go running your mouth again!

I caught you lying to them,

I caught you playing with fire!

Don't go searching for sympathy.

I caught you looking at them,

I caught you playing with fire!

You'll get nothing from me.



Don't act so desperate.

It's time to get over yourself.

And when you reach,

reach for me

you know that someday

I will carry on.

And when you fall,

fall away you know

that someday

I will carry on.

I'll carry on.



Don't go running your mouth again!

I caught you lying to them,

I caught you playing with fire!

Don't go searching for sympathy.

I caught you looking at them,

I caught you playing with fire!



And when you reach,

reach for me

you know that someday

I will carry on.



And when you reach,

reach for me

you know that someday

I will carry on.

And when you fall,

fall away

you know that someday

I will carry on.

I'll carry on.



Don't go running your mouth again!

Don't go running your mouth again!","post-hardcore, metal, screamo",post-hardcore,metal,screamo
Taking Back Sunday,Great Romance,,,,,
Alesana,Hidden Track,"Dear love, I'm honestly scared

Your voice is everywhere

Are you there?

Oh, I am not ready for this

There's so much about you, love, I miss



Do you know that I'm lost?

And you left me here on my own

Songs live on but I'm dancing alone

Where is my lullaby?



Sometimes I forget you're gone

You're all I have, known for so long



Do you know that I'm lost?

And you left me here on my own

Songs live on but I'm dancing alone

Where is my lullaby?



(It seems so unfair that the sun still shines, that the waves still crash, and the wind still blows)

{I'll never let go, love, but tonight I'm sayin' goodbye}

I'm closing my eyes!

(I will carry on, what choice do I have? But without your laughs, smiles are meaningless)

{I'll never let go, love, but tonight I'm sayin' goodbye}

I'm closing my eyes!

(It seems so unfair that the sun still shines, that the waves still crash, and the wind still blows)

{I'll never let go, love, but tonight I'm sayin' goodbye}

I'm closing my eyes!

(I will carry on, what choice do I have? But without your laughs, smiles are meaningless)

{I'll never let go, love, but tonight I'm sayin' goodbye}



Do you know that I'm lost?

And you left me here on my own

Songs live on but I'm dancing alone

My hand is lost without yours to hold in mine

And tonight I will say goodbye","post-hardcore, screamo, emocore",post-hardcore,screamo,emocore
Finch,The Great Divide,"The sky divides

A brilliant white

An offering

So tonight

I sink the tide

And close my eyes

Can you hear it?



It's calling me

It's an absolution burning in my hand

They'll let you down, my friend

It's harrowing

I am the mountain

Staring at the bull

Blood in his eyes again



Save your skin the suffering

And hold to hope

The bled beware

They're crying out

I know the sound

But don't you fear it



It's calling me

It's an absolution burning in my hand

They'll let you down, my friend

It's harrowing

I am the mountain

Staring at the bull

Blood in his eyes again



Fall in line 

Up against the wall

Not this time

I'm not listening anymore



Now you know

The animal is inside us all

But you don't have to crawl



It's calling me

It's an absolution burning in my hand

They'll let you down, my friend","post-hardcore, emo, screamo",post-hardcore,emo,screamo
Ed Sheeran,Kiss Me,"One, two, three, four



Settle down with me

Cover me up

Cuddle me in



Lie down with me

And hold me in your arms



And your heart's against my chest, your lips pressed to my neck

I'm falling for your eyes, but they don't know me yet

And with a feeling I'll forget, I'm in love now



Kiss me like you wanna be loved

You wanna be loved

You wanna be loved

This feels like falling in love

Falling in love

We're falling in love



Settle down with me

And I'll be your safety

You'll be my lady



I was made to keep your body warm

But I'm cold as the wind blows so hold me in your arms



Oh no

My heart's against your chest, your lips pressed to my neck

I'm falling for your eyes, but they don't know me yet

And with this feeling I'll forget, I'm in love now



Kiss me like you wanna be loved

You wanna be loved

You wanna be loved

This feels like falling in love

Falling in love

We're falling in love



Yeah I've been feeling everything

From hate to love

From love to lust

From lust to truth

I guess that's how I know you

So I hold you close to help you give it up



So kiss me like you wanna be loved

You wanna be loved

You wanna be loved

This feels like falling in love

Falling in love

We're falling in love



Kiss me like you wanna be loved

You wanna be loved

You wanna be loved

This feels like falling in love

Falling in love

We're falling in love","acoustic, folk, british",acoustic,folk,british
Ed Sheeran,Moody Ballad Of Ed,"Come on now

Dry your eyes

I'm sick of all your lies

I've grown to despise you



Already sick of what you're saying

Hoping now I'm only praying

My baby's gone away

And I've already packed my bags



You didn't know me

(I've run away)

You couldn't show me

(What you have to say)

My one and only

Has gone away



Far away



You'll never leave me alone

Now I'm off on my own

I'll never ring your phone again



And still you keep on crying

If I said I loved you

I'd be lying

You need to dry your eyes

And I've still gone to pack my bags



You didn't know me

(I've run away)

You couldn't show me

(What you have to say)

My one and only

Has gone away



You didn't know me

(I've run away)

You couldn't show me

(What you have to say)

My one and only

Has gone away



Far away",,,,
Ed Sheeran,You Need To Cut Your Hair,"Well I walked from my house to yours

In a warm cold April rain

We barely went outdoors

And your family took the blame

Take time to be with you

She can only glare

Iâm a bad influence, thatâll do

âCos I need to cut my hair

Wash my mouth, change my clothes

Just donât talk to those friends of yours

Tell them not to come here anymore

Time to go, donât be slow

Thisâll only take a moâ

Take yourself right out of my door



Itâs just that they donât care

Dad said beware, watch your back

Just donât reply to that woman there

And even if she makes a fuss

Just ignore that trust

And donât give in to lust

And leave that one alone

The girlâs trouble



Time spent in burnt-down shed

Add up near two days

Fall down and cut my head

Take time to misbehave

Spend time and be with you

She can only glare

âCos youâre a bad influence, thatâll do

Boy you need to cut your hair

Wash your mouth, change your clothes

Just donât talk to those friends of yours

Tell them not to come here anymore

Time to go, donât be slow

Thisâll only take a moâ

Take yourself right out of my door



Itâs just that they donât care

Dad said beware, watch your back

Just donât reply to that woman there

And even if she makes a fuss

Just ignore that trust

And donât give in to lust

And leave that one alone



This is the dancing song

Close your eyes

Hypnotise to the beat

And the movement of the week

Do that shuffle of your feet

And pound out the fever, either

Dance as youâre a true believer

Cleaner lives are what you donât see

Fell the weight, gravitate

Feel the pace of me

This world is 2D

The only thing thatâs free in life is love

And that donât come cheap



Itâs just that they donât care

Dad said beware, watch your back

Just donât reply to that woman there

And even if she makes a fuss

Just ignore that trust

And donât give in to lust

And leave that one alone

The girlâs trouble","acoustic, british, singer-songwriter",acoustic,british,singer-songwriter
Jack Johnson,Rudolph The Red-nosed Reindeer,"Rudolph the red nosed reindeer

Had a very shiny nose

And if you ever saw it

You might even say it glows

And all of the other reindeer

Used to laugh and call him names

They never let poor Rudolph

Join in any reindeer games



Then one foggy Christmas Eve

Santa, he came to say

""Rudolph, with your nose so bright

Won't you guide my sleigh tonight?""



Then how the reindeers loved him

As they shouted out with glee

Rudolph the red nosed reindeer

You'll go down in history



But Rudolph, he didn't go for that

He said, ""I see through your silly games

How could you look me in the face

When only yesterday you called me names?""

Well all of the other reindeers, man

Well they sure did feel ashamed

""Rudolph, you know we're sorry

We're truly gonna try to change""",,,,
James Blunt,I'll Be Your Man,"So many voices

Too many noises

Invisible lies keeping us apart

So many choices, but they're all disappointment

And they only steal me away from you

Climb into our own private bubble

Let's get into all kinds of trouble



Slide over here, let your hands feel the way

There's no better method to communicate

Girls stop your talking, words just get in the way

I'll be your man

So baby come over

From the end of the sofa

I'll be your man

I'll be your man



So many faces

Staring at their shoelaces

When all anyone wants is to be seen

So tonight, let's be honest

We all want to be wanted

And darling you got me wanting you

Everything that I'm tryin' to say

Just sounds like a worn-out clichÃ©



Slide over here, let your hands feel the way

There's no better method to communicate

Girls stop your talking, words just get in the way

I'll be your man

So baby come over

From the end of the sofa

I'll be your man

I'll be your man



What are we all lookin' for?

Someone we just can't ignore

It's real love drippin'

From my heart you've got my trippin'

What are we all lookin' for?

Ooh



Slide over here, let your hands feel the way

There's no better method to communicate

Girls stop your talking, words just get in the way

I'll be your man

Slide over here, let your hands feel the way

There's no better method to communicate

Girls stop your talking, words just get in the way

I'll be your man

So baby come over

From the end of the sofa

I'll be your man

I'll be your man

I'll be your man

I'll be your man

I'll be your man

I'll be your man","pop, singer-songwriter, acoustic",pop,singer-songwriter,acoustic
Leonard Cohen,Diamonds In The Mine,"The woman in blue, she's asking for revenge, 

the man in white -- that's you -- says he has no friends. 

The river is swollen up with rusty cans 

and the trees are burning in your promised land. 

And there are no letters in the mailbox, 

and there are no grapes upon the vine, 

and there are no chocolates in the boxes anymore, 

and there are no diamonds in the mine. 



Well, you tell me that your lover has a broken limb, 

you say you're kind of restless now and it's on account of him. 

Well, I saw the man in question, it was just the other night, 

he was eating up a lady where the lions and Christians fight. 



And there are no letters in the mailbox 

and there are no grapes upon the vine, 

and there are no chocolates in the boxes anymore, 

and there are no diamonds in the mine. 



(You tell them now) 



Ah, there is no comfort in the covens of the witch, 

some very clever doctor went and sterilized the bitch, 

and the only man of energy, yes the revolution's pride, 

he trained a hundred women just to kill an unborn child. 



And there are no letters in the mailbox, 

oh no, there are no, no grapes upon your vine, 

and there are, there are no chocolates in your boxes anymore, 

and there are no diamonds in your mine. 

And there are no letters in the mailbox, 

and there are no grapes upon the vine, 

and there are no chocolates in your boxes anymore, 

and there are no diamonds in your mine.","folk, canadian, singer-songwriter",folk,canadian,singer-songwriter
Leonard Cohen,What Happens To The Heart,,"folk, singer-songwriter, blues",folk,singer-songwriter,blues
Florence And The Machine,Over The Love,,,,,
Passenger,Tip Of My Tongue,"Well, I heard an old man say

Youth's lost on the young

If I'd have known what I know today

I would have lived my life like a smoking gun

But, I saved it up for a rainy day

And I'm still waitin' for that day to come

You only know that you had it, when it's gone



But, it's something I can't say

Though it's there on the tip of my tongue

It's something I can't change

For you can't stop a setting sun

And I wanna scream it at the top of my lungs

But it's something I can't say

Though it's on the tip of my tongue

It's on the tip of my tongue



Well, I heard a young man say

The truth's lost on the old

All I have is how I feel today

No matter what I'm taught and what I'm told

So I save it up, for a rainy day

Even though, that day may never come

And I won't know that I had it til, its gone, no



But, it's something I can't say

Though it's there on the tip of my tongue

It's something I can't change, no

For you can't stop the rising sun

And I wanna scream it at the top of my lungs

But, it's something I can't say

Though, it's on the tip of my tongue

Oh, oh, oh on the tip of my tongue

Hey yeah, on the tip of my tongue (Whoa)

Oh

On the tip of my tongue

=","folk, alternative metal, melodic death metal",folk,alternative metal,melodic death metal
Passenger,The Girl Running,"I see the girl running,

With no shoes on her feet,

Jumping shade to shadow,

In this deafening heat.



And I hear the trains coming,

And the drunk man singing on the street,

And the fan on the ceiling,

Reeling,

Me in to sleep.



And I dream silent movies,

Black and white memories I suppose,

Theyâre the same old stories,

But wearing in different clothes.



la la la la la la la la la la la

la la la la la la la la la la la

la la la la la la la

la la la la la la la

la la



la la la la la la la la la la la

la la la la la la la la la la la

la la la la la la la

la la la la la la la

la



So whereâs the girl running,

With no shoes on her feet,

Cos thereâs no shade nor shadow,

In this deafening heat.","folk, alternative metal, melodic death metal",folk,alternative metal,melodic death metal
The Lumineers,Walls,,,,,
Birdy,Heart Of Gold,"I can be strong when I want to be,

You think Iâm weak âcause you can tear me apart

With the words that you speak

You think youâre in control but you donât understand

How much you are wrong

You choose to lash out at me, Iâve done nothing wrong

All you crave is attention

And just to be loved. You need to be loved




[Chorus:]

And I want to be free

When my heart is made from gold

And forgiveness seems too bold

I still find it in my heart

To say, ""I love you.""

When my heart is made from gold

And the hurt is just too bold

I still find it in my heart

To say, ""I love you.""



Is there not enough to use your love for me

To get past the things that cause you envy and hate

And the fights that they bring?



You say you're looked on as small.

Canât understand why you donât have it all

But you donât know how I fight for you

And believe in your aims,

I just wanna do right by you,

Forget what has changed âcause nothing has changed




[Chorus]



But you don't have to be so mean

Youâre such a drama queen

The way you play on every weakness that you see in me

To make you strong, you were all along



So donât pretend like you can hardly breathe

Like itâs down to me

âCause itâs so unfair that you canât succeed

Well, youâre so wrong

Weâre still so young




[Chorus]","indie, indie pop, folk",indie,indie pop,folk
Neil Young,(Quit) Don't Say You Love Me,,,,,
Neil Young,Double E,"Back in the country, livin' on the Double E

In the sunshine of her life

There's a ready young filly and mom and daddy won't let her leave

Mom and Papa won't let her go



But when they go out dancin'

She breaks out on her own

She's hot enough to burn the house down

And Mom and Daddy don't know



When Edith and Earl renamed the Double E

They nearly made history

The neighbors rose up and some of them were mad as hell

'Cause it used to be the Double L



Change comes slow in the country

When you're new there's a lot of distrust

Years pass by uneventful

And memories turn to dust



Meanwhile Granny has got her bright colors on

The sunshine in her eyes

Cruisin' by the bars and honky tonk where she met grandpa

And caught that young man's eye



Dusty white Eldorado

Cruisin' through the trees

Slippin' through the shadows

Of what used to be



Back in the day, livin' in the summer of love

Livin' in the summer of love

Grandma's ok but not the same since Grandpa's gone

She's livin' in the summer of love

Back in the day, livin' in the summer of love

Livin' in the summer of love

Livin' in the summer of love

Livin' in the summer of love

Livin' in the summer of love","classic rock, singer-songwriter, rock",classic rock,singer-songwriter,rock
Neil Young,I've Been Waiting For You,"I've been looking for a woman to save my life

Not to beg or to borrow

A woman with the feeling of losing once or twice

Who knows how it could be tomorrow



I've been waiting for you

And you've been coming to me

For such a long time now

Such a long time now



I've been waiting for you

And you've been coming to me

For such a long time now

Such a long time now

Such a long time now

Such a long time now

Such a long time now","classic rock, singer-songwriter, rock",classic rock,singer-songwriter,rock
Neil Young,One More Sign,"No I'm not gonna

Hide my feelings

Couldn't if I tried

No, I'm not holding them inside



Holding back is

So close to stealing

Though we both have pride

We could lose it all if we lied



Someday it's later than

The feeling we have now

It's off the ground

I've always played around

But now I don't know how



Listen easy

'Cause I'm saying

What I mean this time

Sharing words I always said were mine



I was breezy

Now I'm swaying

Like the tree we climbed

Asking you to give me one more sign","classic rock, singer-songwriter, rock",classic rock,singer-songwriter,rock
Neil Young,The Losing End,,"melancholy, bluesy, folk",melancholy,bluesy,folk
Damien Rice,Baby Sister,"Don't wake up, baby sister

Keep dreaming

Did he fill your cup?

Baby sister, keep drinking



Or he'll hit you

He'll bleach your eyes

So be a good girl just for the night

And run. Run.



Don't get stuck,

Baby sister, leave this land

And read your books

Baby sister, wash your hands



Or he'll beat you

He'll bleach your eyes

So be a good girl just for the night

And run! Run! Run! Run! Run!

Run, baby sister, run

Baby sister.","singer-songwriter, folk, alternative",singer-songwriter,folk,alternative
Mumford & Sons,Ditmas,"[Verse 1:]

And in time

As one reminds the other of the past

A life lived much too fast to hold onto

How am I losing you?



A broken house

Another dry month waiting for the rain

And I had been resisting this decay

I thought you'd do the same




[Hook:]

But this is all I ever was

And this is all you came across those years ago

Now you go too far

Don't tell me that I've changed because that's not the truth

And now I'm losing you




[Verse 2:]

Fragile sound

The world outside just watches as we crawl

Crawl towards a life of fragile lines

And wasted time



And so I cry

As I hold you for the last time in this life

This life I tried so hard to give to you

What would you have me do?




[Hook]




[Bridge:]

Where I used to end was where you start

You were the only one

And now I see your eyes move too fast

You were the only one




[Verse 3:]

Careful hands

And wandering without that much to say

Your words are empty as the bed we made

Is there another way?

Oh love, is there another way?




[Hook]



And now I'm losing you",,,,
Bon Iver,Marion,"Well I thought that this was half a love

Well I thought that this was half a love

Follow to the rising sea

Well I thought that this was half a love



Well I thought that this was half a love

Well I thought that this was half a love

Follow to the rising sea

Well I thought that this was half a love","wsum 91.7 fm madison, the bookshelf, ballad",wsum 91.7 fm madison,the bookshelf,ballad
Sufjan Stevens,Joy! Joy! Joy!,"I would like to throw a field

Yes, I would like to be a man

I would serve the Kingdom's will

Yes, I would enter to the end



Blessed is the man who waits

And blessed is the man who starts



I believe in (page)

Believe in (page)

Believe in (page)

Believe in (page)



I read every page

Read every page

Read every page

Read every page



Hey, (name?)

Yes, Sufjan?

So, what do you believe in?

Oh, a lot of things

Oh yeah, like what?

Well, peace and justice for all



In the middle when you came

Will the animals invite?

Every syllable the same

Every letter every line



I believe in peace

Believe in peace

Believe in peace

Believe in peace



I believe in peace

Believe in peace

Believe in peace

Believe in peace



I believe in joy

Believe in joy

Believe in joy

Believe in joy 
[x A Lot]



(After the first two repetitions)

I, I, I, am, am, am, joy, joy, joy, and, and, and

I, I, I, am, am, am, joy, joy, joy



I read every page

Read every page

Read every page

Read every page","experimental, indie, fun",experimental,indie,fun
Clarice Falcão,Duet,,"brazilian, folk, mpb",brazilian,folk,mpb
Jethro Tull,European Legacy,"She smiles at me

from beyond the eastern sea-shore.

Flashing jewelled eyes,

she hoists her skirts so high.

Nouvelle cuisine or an oyster bar ---

it's really up to her.

I'll write every cheque she brings to me.

I shoot on sight ---

it's my European legacy.



Round the castle walls ---

about the Highlands and the Islands

the faint reminders stand.

Visitors who took a hand

a thousand years ago, or so ---

stranded high and dry by tides ---

washed up a new identity.

The channel's wide ---

but it's their European legacy.



I strain my eyes

against the southern light advancing.

On whiter cliffs I'm high.

The sea birds roll and tumble as they fly.

I hear distant mainland music echo

in my island ears.

My feet begin to move instinctively

to the warmer beat of my European legacy.



She smiles at me

from beyond the eastern sea-shore.

Flashing jewelled eyes,

she hoists her skirts so high.

Nouvelle cuisine or an oyster bar ---

it's really up to her.

I'll write every cheque she brings to me.

She shoots on sight ---

it's her European legacy.","progressive rock, not bad, progressive folk rock",progressive rock,not bad,progressive folk rock
Jethro Tull,Passion Play Extract,,,,,
Jethro Tull,Tundra,"Short Arctic desert day ---

and someone left their snow-shoes in the tundra.

Look around every which way

but I can't see just where the footprints go.

Is it a casual disappearance? ---

Plucked from the middle atmosphere

like straw wind-blown.

No speck on the horizon ---

no simple message scrawled

upon the snow.



Unearthly visitation ---

someone left their snow-shoes in the tundra.

Hungry buzzard flier

circling round and round

rattling death's tambourine.



Have to run it down the cold wire ---

late insertion in tomorrow's lost and found.

Should I spread out searching?

But I'm a little thin upon the ground.



So I raise my lips to coax

the last drop of brandy from the bottle.

Rest my feet and contemplate

the mystery that's haunting

this Siberian space.



Show-shoes they bind me down ---

I'm just one more parasite of the surface layer.

I begin to get the feeling

I've been on this stage before

and I'm the only player.



One more Arctic desert day ---

another set of shoes out in the tundra snow.

I make my fade to white-out

and you can't see me where my footprints go.","progressive rock, classic rock, folk rock",progressive rock,classic rock,folk rock
Mallu Magalhães,Don't You Leave Me,,"indie, acoustic, country rock",indie,acoustic,country rock
Loreena McKennitt,Dante's Prayer,"When the dark wood fell before me

And all the paths were overgrown

When the priests of pride say there is no other way

I tilled the sorrows of stone



I did not believe because I could not see

Though you came to me in the night

When the dawn seemed forever lost

You showed me your love in the light of the stars



Cast your eyes on the ocean

Cast your soul to the sea

When the dark night seems endless

Please remember me



Then the mountain rose before me

By the deep well of desire

From the fountain of forgiveness

Beyond the ice and the fire



Cast your eyes on the ocean

Cast your soul to the sea

When the dark night seems endless

Please remember me



Though we share this humble path, alone

How fragile is the heart

Oh give these clay feet wings to fly

To touch the face of the stars



Breathe life into this feeble heart

Lift this mortal veil of fear

Take these crumbled hopes, etched with tears

We'll rise above these earthly cares



Cast your eyes on the ocean

Cast your soul to the sea

When the dark night seems endless

Please remember me

Please remember me","celtic, new age, folk",celtic,new age,folk
Van Morrison,Beautiful Obsession,"And it goes out, and it comes back

It is a feeling it's a feelin'

And when you do it

And the more you do it

And the more you do it

It becomes a beautiful obsession

A beautiful obsession

A beautiful a beautiful obsession, obsession, yeah



It's a feelin'

It's a feelin'

It's a feelin'

In your heart, in your soul

In your being, yeah

It's a beautiful obsession

And it makes you feel

And it's more than a song to sing

And it's more, more, more

Than a song to sing



Let the cowboy ride

Let the cowboy ride

Let the cowboy ride","singer-songwriter, classic rock, folk",singer-songwriter,classic rock,folk
Van Morrison,Give Me My Rapture,"There are strange things happening every day

I hear music up above my head

Fill me up with your wonder

Give me my rapture today.



Let me contemplate the presence so divine

Let me sing all day and never get tired

Fill me up from your loving cup

Give me my rapture.



Won't you guide me through the dark night of the soul

That I may better understand your way

Let me be just and worthy to receive

All the blessings of the Lord into my life.



Let me purify my thoughts and words and deeds

That I may be a vehicle for thee

Let me hold to the truth in the darkest hour

Le me sing to the glory of the Lord.

Give me my rapture today.

Repeat...",,,,
Van Morrison,Just Like Greta,"Some days it gets completely crazy

And I feel like howling at the moon

Then sometimes it feels so easy

Like I was born with a silver spoon



Other times you just can't reach me

Seems like I've got a heart of stone

Guess I need my solitude

And I have to make it on my own



Well I guess I'm going A.W.O.L.

Disconnect my telephone

Just like Greta Garbo

I want to be alone



Need to make some real connection

Baby something's just got to give

'Cos I've been too long in exile

I've been grinding at the mill



Too long to decode all the secrets

Have to get some elbow room

Most people think that everything

Is just what they assume



Well I know I'm going A.W.O.L.

Tell everyone I'm not at home

Just like Greta Garbo

I just want to be alone



Well I'm going out to L.A.

I wanna get my business done

Then I'm going on to Vegas

Then I'm going on the run



If anybody asks you have you seen me

Please just tell them no

'Cos I'm living on the outside

And I have nowhere to go



Well I guess I'm going A.W.O.L.

Disconnect my telephone

Just like Greta Garbo

I just want to be alone



I just want to be alone

Disconnect my telephone

Just like Greta Garbo

I just want to be alone","singer songwriter, rock, classic rock",singer songwriter,rock,classic rock
Van Morrison,Saint Dominic's Preview,"Chambois, cleaning all the windows

Singin' songs about Edith Piaf's soul

And I hear blue strains of ""No Regredior""

Across the street from cathedral Notre Dame



Meanwhile, back in San Francisco

We're tryin' hard to make this whole thing blend

As we sit upon this jagged

Story block, with you, my friend



And it's a long way to Buffalo

It's a long way to Belfast city, too

And I'm hopin' the joist won't blow the hoist

'Cause this time, they bit off more than they could chew



As we gaze out on, as we gaze out on

As we gaze out on, as we gaze out on, yeah

Saint Dominic's preview

Saint Dominic's preview

Saint Dominic's preview



All the orange boxes are scattered

Against the Safeway supermarket in the rain

And everybody feels so determined

Not to feel anyone else's pain



No one makin' no commitments

To anybody but themselves

Talkin' behind closed doorways

Tryin' to get outside, get outside of empty shell



And for every cross-cuttin' county corner, country corner

For every Hank Williams railroad train that cried

And all the chains, badges, flags, and emblems

And every strain on brain and every eye



As we gaze out on, as we gaze out on

As we gaze out on, as we gaze out on

Saint Dominic's preview

I look at them, man

Saint Dominic's preview

Look at the band

Saint Dominic's preview



All the restaurant tables are completely covered

And the record company has paid out for the wine

You got everything in the world you ever wanted

And right about now, your face should wear a smile, do you know that?

That's the way it all should happen

When you're in, when you're in the state you're in

And you got your pen and notebook ready

I think it's about time, time for us to begin



And meanwhile, we're over on a 52nd Street apartment

Socializin' with the white hope few

Just to be hip, and get wet with the jet set

But they was flyin' too high to see my point of view



As we gaze out on, as we gaze out on

As we gaze out on, as we gaze out on

Saint Dominic's preview

Look at them, man

Saint Dominic's preview

Look at the band

Saint Dominic's preview

Set them freedom marchin'

(Saint Dominic's preview)

Out in the street, freedom marchin'

(Saint Dominic's preview)

Out in the street

Look at them, man

(Saint Dominic's preview)

Turn around

(Saint Dominic's preview)

Come back, come back

(Saint Dominic's preview)

Turn around

And look at them, man

(Saint Dominic's preview)

Said, hold on

Saint Dominic's preview

Hey, hey, Saint Dominic's preview

To soul me in

Saint Dominic's preview","singer-songwriter, classic rock, rock",singer-songwriter,classic rock,rock
Van Morrison,Twist And Shake,,"acoustic, classic rock, singer-songwriter",acoustic,classic rock,singer-songwriter
Beirut,The Gulag Orkestra,,"folk, indie, indie folk",folk,indie,indie folk
Regina Spektor,Love Affair,"There was a love affair in this building

The kind of love affair

Which every respectable building must keep as a legend



Slowly festering through an innocent ""by the way""

Or ""have you heard?""

He was perfect except for the fact that he was an engineer

And mothers prefer doctors

And lawyers



Yet despite this imperfection

He was clean-looking and respectable-looking

And you'll never find a mother

Who doesn't appreciate a natural man



So he grew healthy aloe vera plants by the window

Healthy teeth in his mouth

Healthy hair on his head

He grew healthy wavy brown hair on his head

The kind, the kind that babies always go for

With sticky little fingers","piano, regina spektor, female vocalists",piano,regina spektor,female vocalists
